id,time,dose,ytype,occ,ypred,y
1,0,50,1,1,80.86,65.2
1,0,50,2,1,0,0
1,0,50,3,1,1,1
1,4,50,1,1,91.9,97.94
1,4,50,2,1,2.1,1.87
1,4,50,3,1,0,0
1,12,50,1,1,113.98,116.21
1,12,50,2,1,0.24,0.27
1,12,50,3,1,1,1
1,24,50,1,1,147.1,154.3
1,24,50,2,1,0.01,0.01
1,24,50,3,1,1,1
1,0,100,1,2,180.22,172.23
1,0,100,2,2,0,0
1,0,100,3,2,1,1
1,1,100,1,2,182.24,180.64
1,1,100,2,2,5.85,5.75
1,1,100,3,2,1,1
1,4,100,1,2,188.31,187.24
1,4,100,2,2,4.72,4.18
1,4,100,3,2,1,1
1,12,100,1,2,204.48,193.31
1,12,100,2,2,0.74,0.72
1,12,100,3,2,1,1
1,24,100,1,2,228.74,232.75
1,24,100,2,2,0.04,0.05
1,24,100,3,2,1,1
2,0,100,1,1,108.24,112.26
2,0,100,2,1,0,0
2,0,100,3,1,1,1
2,4,100,1,1,117.14,126.17
2,4,100,2,1,4.85,4.91
2,4,100,3,1,1,1
2,12,100,1,1,134.95,131.39
2,12,100,2,1,0.87,0.75
2,12,100,3,1,1,1
2,24,100,1,1,161.67,161.48
2,24,100,2,1,0.06,0.08
2,24,100,3,1,1,1
2,0,200,1,2,188.38,180.46
2,0,200,2,2,0,0
2,0,200,3,2,1,1
2,1,200,1,2,190.08,191.32
2,1,200,2,2,12.51,10.36
2,1,200,3,2,1,1
2,2,200,1,2,191.78,192.11
2,2,200,2,2,13.92,15.73
2,2,200,3,2,1,1
2,4,200,1,2,195.18,189.61
2,4,200,2,2,10.74,10.72
2,4,200,3,2,1,1
2,6,200,1,2,198.58,184.24
2,6,200,2,2,7.53,7.74
2,6,200,3,2,1,1
2,12,200,1,2,208.79,212.35
2,12,200,2,2,2.5,2.41
2,12,200,3,2,1,1
2,24,200,1,2,229.2,237.45
2,24,200,2,2,0.28,0.24
2,24,200,3,2,1,1
2,36,200,1,2,249.61,248.42
2,36,200,2,2,0.03,0.03
2,36,200,3,2,1,1
3,0,50,1,1,88.24,78.29
3,0,50,2,1,0,0
3,0,50,3,1,1,1
3,4,50,1,1,98.6,119.98
3,4,50,2,1,2.54,2.85
3,4,50,3,1,1,1
3,12,50,1,1,119.33,120.52
3,12,50,2,1,0.4,0.36
3,12,50,3,1,1,1
3,24,50,1,1,150.41,159.45
3,24,50,2,1,0.02,0.02
3,24,50,3,1,1,1
3,0,100,1,2,181.5,172.2
3,0,100,2,2,0,0
3,0,100,3,2,1,1
3,2,100,1,2,186.75,209.77
3,2,100,2,2,7.31,7.94
3,2,100,3,2,1,1
3,4,100,1,2,192,205.05
3,4,100,2,2,5.41,4.98
3,4,100,3,2,1,1
3,12,100,1,2,212.99,206.38
3,12,100,2,2,1,1
3,12,100,3,2,1,1
3,18,100,1,2,228.74,227.72
3,18,100,2,2,0.28,0.25
3,18,100,3,2,1,1
3,24,100,1,2,244.49,239.25
3,24,100,2,2,0.08,0.07
3,24,100,3,2,1,1
3,0,200,1,3,275.98,251.58
3,0,200,2,3,0,0
3,0,200,3,3,1,1
3,4,200,1,3,286.6,303.43
3,4,200,2,3,10.74,11.11
3,4,200,3,3,0,0
3,8,200,1,3,297.21,281.38
3,8,200,2,3,4.62,4.74
3,8,200,3,3,1,1
3,12,200,1,3,307.83,306.49
3,12,200,2,3,1.95,1.94
3,12,200,3,3,1,1
3,24,200,1,3,339.69,335.02
3,24,200,2,3,0.15,0.16
3,24,200,3,3,1,1
3,36,200,1,3,371.54,373.42
3,36,200,2,3,0.01,0.01
3,36,200,3,3,1,1
4,0,100,1,1,79.61,96.33
4,0,100,2,1,0,0
4,0,100,3,1,1,1
4,4,100,1,1,90.19,81.9
4,4,100,2,1,3.86,3.84
4,4,100,3,1,1,1
4,12,100,1,1,111.35,121.75
4,12,100,2,1,0.75,0.7
4,12,100,3,1,1,1
4,24,100,1,1,143.08,152.09
4,24,100,2,1,0.06,0.06
4,24,100,3,1,1,1
4,0,200,1,2,174.82,176.35
4,0,200,2,2,0,0
4,0,200,3,2,0,0
4,4,200,1,2,182.67,187.4
4,4,200,2,2,7.9,8.48
4,4,200,3,2,0,0
4,6,200,1,2,186.59,202.79
4,6,200,2,2,5.43,5.82
4,6,200,3,2,1,1
4,12,200,1,2,198.36,209.38
4,12,200,2,2,1.62,1.53
4,12,200,3,2,1,1
4,24,200,1,2,221.9,209.88
4,24,200,2,2,0.14,0.16
4,24,200,3,2,1,1
5,0,100,1,1,124.26,124.35
5,0,100,2,1,0,0
5,0,100,3,1,1,1
5,4,100,1,1,134.71,130.31
5,4,100,2,1,4.92,5.08
5,4,100,3,1,1,1
5,12,100,1,1,155.59,163.22
5,12,100,2,1,1.09,1.1
5,12,100,3,1,1,1
5,24,100,1,1,186.93,186.4
5,24,100,2,1,0.1,0.09
5,24,100,3,1,1,1
5,0,200,1,2,218.26,214.23
5,0,200,2,2,0,0
5,0,200,3,2,1,1
5,2,200,1,2,222.9,216.3
5,2,200,2,2,11.12,11.75
5,2,200,3,2,1,1
5,4,200,1,2,227.53,223.26
5,4,200,2,2,9.23,8.88
5,4,200,3,2,1,1
5,6,200,1,2,232.17,209.43
5,6,200,2,2,6.32,7.31
5,6,200,3,2,1,1
5,12,200,1,2,246.09,235.41
5,12,200,2,2,1.71,1.59
5,12,200,3,2,1,1
5,24,200,1,2,273.93,275.6
5,24,200,2,2,0.12,0.13
5,24,200,3,2,1,1
5,36,200,1,2,301.76,308.76
5,36,200,2,2,0.01,0.01
5,36,200,3,2,1,1
6,0,50,1,1,104.92,117.33
6,0,50,2,1,0,0
6,0,50,3,1,1,1
6,4,50,1,1,111.75,116.06
6,4,50,2,1,2.09,1.95
6,4,50,3,1,0,0
6,12,50,1,1,125.42,159.32
6,12,50,2,1,0.53,0.58
6,12,50,3,1,1,1
6,24,50,1,1,145.93,140.82
6,24,50,2,1,0.06,0.07
6,24,50,3,1,1,1
7,0,100,1,1,86.57,90.21
7,0,100,2,1,0,0
7,0,100,3,1,1,1
7,4,100,1,1,92.49,105.34
7,4,100,2,1,4.01,4.18
7,4,100,3,1,1,1
7,12,100,1,1,104.34,98.25
7,12,100,2,1,0.75,0.81
7,12,100,3,1,1,1
7,24,100,1,1,122.1,111.43
7,24,100,2,1,0.05,0.05
7,24,100,3,1,1,1
8,0,100,1,1,80.22,76.83
8,0,100,2,1,0,0
8,0,100,3,1,0,0
8,4,100,1,1,88.56,86.3
8,4,100,2,1,4.78,4.6
8,4,100,3,1,0,0
8,12,100,1,1,105.23,94.8
8,12,100,2,1,1.08,1.12
8,12,100,3,1,1,1
8,24,100,1,1,130.25,123.66
8,24,100,2,1,0.1,0.1
8,24,100,3,1,1,1
8,0,200,1,2,155.26,142.7
8,0,200,2,2,0,0
8,0,200,3,2,1,1
8,4,200,1,2,162.47,148.73
8,4,200,2,2,10.01,11.02
8,4,200,3,2,0,0
8,12,200,1,2,176.88,180.05
8,12,200,2,2,2.57,2.71
8,12,200,3,2,1,1
8,18,200,1,2,187.69,197.32
8,18,200,2,2,0.87,0.95
8,18,200,3,2,0,0
8,24,200,1,2,198.5,197.99
8,24,200,2,2,0.29,0.3
8,24,200,3,2,1,1
9,0,100,1,1,98.24,123.27
9,0,100,2,1,0,0
9,0,100,3,1,1,1
9,4,100,1,1,109.6,104.94
9,4,100,2,1,2.32,2.31
9,4,100,3,1,1,1
9,12,100,1,1,132.34,141.51
9,12,100,2,1,0.08,0.06
9,12,100,3,1,1,1
9,24,100,1,1,166.44,165.12
9,24,100,2,1,0,0
9,24,100,3,1,1,1
10,0,50,1,1,88.98,79.46
10,0,50,2,1,0,0
10,0,50,3,1,0,0
10,4,50,1,1,98.83,108.54
10,4,50,2,1,1.93,1.63
10,4,50,3,1,1,1
10,12,50,1,1,118.53,113.69
10,12,50,2,1,0.41,0.38
10,12,50,3,1,1,1
10,24,50,1,1,148.08,152.36
10,24,50,2,1,0.04,0.04
10,24,50,3,1,1,1
11,0,50,1,1,94.89,101.93
11,0,50,2,1,0,0
11,0,50,3,1,1,1
11,4,50,1,1,103.56,111.91
11,4,50,2,1,1.95,1.92
11,4,50,3,1,1,1
11,12,50,1,1,120.89,105.83
11,12,50,2,1,0.46,0.47
11,12,50,3,1,1,1
11,24,50,1,1,146.9,161.75
11,24,50,2,1,0.04,0.04
11,24,50,3,1,1,1
11,0,100,1,2,172.9,167.35
11,0,100,2,2,0,0
11,0,100,3,2,1,1
11,4,100,1,2,181.83,194.77
11,4,100,2,2,4.06,4.15
11,4,100,3,2,0,0
11,6,100,1,2,186.3,167.84
11,6,100,2,2,3.04,2.86
11,6,100,3,2,1,1
11,8,100,1,2,190.76,206.92
11,8,100,2,2,2.17,2.06
11,8,100,3,2,1,1
11,12,100,1,2,199.69,226.42
11,12,100,2,2,1.07,1.11
11,12,100,3,2,1,1
11,18,100,1,2,213.09,217.94
11,18,100,2,2,0.37,0.42
11,18,100,3,2,1,1
11,24,100,1,2,226.48,221.44
11,24,100,2,2,0.13,0.12
11,24,100,3,2,1,1
11,36,100,1,2,253.28,244.53
11,36,100,2,2,0.01,0.02
11,36,100,3,2,1,1
12,0,100,1,1,121.27,125.4
12,0,100,2,1,0,0
12,0,100,3,1,1,1
12,4,100,1,1,128.57,135.49
12,4,100,2,1,3.81,4.14
12,4,100,3,1,1,1
12,12,100,1,1,143.17,152.49
12,12,100,2,1,0.73,0.8
12,12,100,3,1,1,1
12,24,100,1,1,165.07,172.23
12,24,100,2,1,0.06,0.06
12,24,100,3,1,1,1
12,0,200,1,2,186.98,186.56
12,0,200,2,2,0,0
12,0,200,3,2,1,1
12,1,200,1,2,188.39,201.33
12,1,200,2,2,8.36,9.31
12,1,200,3,2,1,1
12,2,200,1,2,189.81,186.45
12,2,200,2,2,10.15,9.07
12,2,200,3,2,1,1
12,4,200,1,2,192.63,199.93
12,4,200,2,2,8.63,8.31
12,4,200,3,2,1,1
12,12,200,1,2,203.95,204.2
12,12,200,2,2,2.31,2.32
12,12,200,3,2,1,1
12,24,200,1,2,220.93,218.81
12,24,200,2,2,0.3,0.33
12,24,200,3,2,1,1
13,0,100,1,1,79.3,94.78
13,0,100,2,1,0,0
13,0,100,3,1,0,0
13,4,100,1,1,87.67,103.91
13,4,100,2,1,4.38,5.29
13,4,100,3,1,1,1
13,12,100,1,1,104.4,112.64
13,12,100,2,1,1.57,1.87
13,12,100,3,1,1,1
13,24,100,1,1,129.49,122.25
13,24,100,2,1,0.28,0.29
13,24,100,3,1,1,1
13,0,200,1,2,154.58,165.89
13,0,200,2,2,0,0
13,0,200,3,2,1,1
13,1,200,1,2,156.85,151.98
13,1,200,2,2,6.35,6.33
13,1,200,3,2,1,1
13,4,200,1,2,163.65,162.61
13,4,200,2,2,8.78,8.62
13,4,200,3,2,1,1
13,6,200,1,2,168.19,157.78
13,6,200,2,2,7.18,6.75
13,6,200,3,2,1,1
13,12,200,1,2,181.79,180.12
13,12,200,2,2,3.18,3.12
13,12,200,3,2,0,0
13,18,200,1,2,195.39,193.87
13,18,200,2,2,1.36,1.4
13,18,200,3,2,1,1
13,24,200,1,2,209,201.97
13,24,200,2,2,0.58,0.64
13,24,200,3,2,1,1
13,36,200,1,2,236.2,224.36
13,36,200,2,2,0.11,0.09
13,36,200,3,2,1,1
13,0,400,1,3,236.2,231.6
13,0,400,2,3,0,0
13,0,400,3,3,1,1
13,4,400,1,3,244.24,236.69
13,4,400,2,3,18.47,17.08
13,4,400,3,3,0,0
13,12,400,1,3,260.32,280.98
13,12,400,2,3,7.71,7.28
13,12,400,3,3,1,1
13,24,400,1,3,284.44,296.22
13,24,400,2,3,1.76,1.76
13,24,400,3,3,1,1
13,36,400,1,3,308.56,318.61
13,36,400,2,3,0.4,0.33
13,36,400,3,3,0,0
14,0,50,1,1,116.79,128.14
14,0,50,2,1,0,0
14,0,50,3,1,1,1
14,4,50,1,1,126.72,135.88
14,4,50,2,1,2.06,2.15
14,4,50,3,1,0,0
14,12,50,1,1,146.58,128.08
14,12,50,2,1,0.27,0.29
14,12,50,3,1,1,1
14,24,50,1,1,176.37,184.98
14,24,50,2,1,0.01,0.01
14,24,50,3,1,0,0
14,0,100,1,2,206.15,210.18
14,0,100,2,2,0,0
14,0,100,3,2,1,1
14,4,100,1,2,215.33,219.43
14,4,100,2,2,4.54,4.42
14,4,100,3,2,1,1
14,12,100,1,2,233.68,217.02
14,12,100,2,2,0.78,0.8
14,12,100,3,2,1,1
14,24,100,1,2,261.21,271.93
14,24,100,2,2,0.05,0.05
14,24,100,3,2,1,1
14,36,100,1,2,288.73,297.51
14,36,100,2,2,0,0
14,36,100,3,2,1,1
15,0,100,1,1,118.5,97.12
15,0,100,2,1,0,0
15,0,100,3,1,1,1
15,4,100,1,1,126.7,121.2
15,4,100,2,1,4.32,4.36
15,4,100,3,1,1,1
15,12,100,1,1,143.12,152.8
15,12,100,2,1,1.49,1.49
15,12,100,3,1,1,1
15,24,100,1,1,167.73,166.48
15,24,100,2,1,0.28,0.29
15,24,100,3,1,1,1
16,0,100,1,1,119.86,104.5
16,0,100,2,1,0,0
16,0,100,3,1,0,0
16,4,100,1,1,125.47,125.4
16,4,100,2,1,4.57,4.2
16,4,100,3,1,0,0
16,12,100,1,1,136.7,133.17
16,12,100,2,1,0.41,0.43
16,12,100,3,1,1,1
16,24,100,1,1,153.54,144
16,24,100,2,1,0.01,0.01
16,24,100,3,1,1,1
16,0,200,1,2,170.38,168.92
16,0,200,2,2,0,0
16,0,200,3,2,1,1
16,4,200,1,2,177.34,172.65
16,4,200,2,2,8.85,8.76
16,4,200,3,2,0,0
16,12,200,1,2,191.25,190.86
16,12,200,2,2,0.72,0.88
16,12,200,3,2,1,1
16,24,200,1,2,212.13,200.04
16,24,200,2,2,0.02,0.02
16,24,200,3,2,1,1
16,36,200,1,2,233,226.84
16,36,200,2,2,0,0
16,36,200,3,2,1,1
16,0,400,1,3,233,246.61
16,0,400,2,3,0,0
16,0,400,3,3,1,1
16,4,400,1,3,237.98,252.47
16,4,400,2,3,21.3,23.86
16,4,400,3,3,1,1
16,12,400,1,3,247.93,244.33
16,12,400,2,3,2.86,3.46
16,12,400,3,3,1,1
16,24,400,1,3,262.85,274.38
16,24,400,2,3,0.13,0.12
16,24,400,3,3,1,1
16,36,400,1,3,277.78,261.88
16,36,400,2,3,0.01,0.01
16,36,400,3,3,1,1
17,0,50,1,1,114.76,108.32
17,0,50,2,1,0,0
17,0,50,3,1,1,1
17,4,50,1,1,121.65,124.6
17,4,50,2,1,2.31,2.28
17,4,50,3,1,1,1
17,12,50,1,1,135.42,133.01
17,12,50,2,1,0.39,0.36
17,12,50,3,1,0,0
17,24,50,1,1,156.08,146.87
17,24,50,2,1,0.02,0.02
17,24,50,3,1,1,1
18,0,100,1,1,128.85,124.93
18,0,100,2,1,0,0
18,0,100,3,1,1,1
18,4,100,1,1,134.35,123.23
18,4,100,2,1,3.69,3.58
18,4,100,3,1,1,1
18,12,100,1,1,145.34,138.72
18,12,100,2,1,1.61,1.93
18,12,100,3,1,1,1
18,24,100,1,1,161.84,159.72
18,24,100,2,1,0.45,0.43
18,24,100,3,1,1,1
18,0,200,1,2,178.33,184.73
18,0,200,2,2,0,0
18,0,200,3,2,1,1
18,2,200,1,2,181.08,173.37
18,2,200,2,2,8.17,7.88
18,2,200,3,2,1,1
18,4,200,1,2,183.83,174.33
18,4,200,2,2,7.46,6.29
18,4,200,3,2,0,0
18,8,200,1,2,189.34,198.16
18,8,200,2,2,5.04,4.49
18,8,200,3,2,1,1
18,12,200,1,2,194.84,214.17
18,12,200,2,2,3.36,3.54
18,12,200,3,2,1,1
18,18,200,1,2,203.1,203.24
18,18,200,2,2,1.83,1.61
18,18,200,3,2,0,0
18,24,200,1,2,211.35,185.79
18,24,200,2,2,0.99,1.04
18,24,200,3,2,1,1
18,36,200,1,2,227.86,239.01
18,36,200,2,2,0.29,0.3
18,36,200,3,2,1,1
19,0,50,1,1,117.82,108.81
19,0,50,2,1,0,0
19,0,50,3,1,1,1
19,4,50,1,1,123.76,145.03
19,4,50,2,1,2.88,3.08
19,4,50,3,1,1,1
19,12,50,1,1,135.62,128.73
19,12,50,2,1,0.91,1.05
19,12,50,3,1,1,1
19,24,50,1,1,153.42,148.25
19,24,50,2,1,0.13,0.14
19,24,50,3,1,1,1
20,0,50,1,1,139.37,122.17
20,0,50,2,1,0,0
20,0,50,3,1,1,1
20,4,50,1,1,144.3,119.23
20,4,50,2,1,1.83,1.82
20,4,50,3,1,0,0
20,12,50,1,1,154.15,140.87
20,12,50,2,1,0.78,0.8
20,12,50,3,1,1,1
20,24,50,1,1,168.93,164.58
20,24,50,2,1,0.21,0.23
20,24,50,3,1,1,1
21,0,50,1,1,100.34,111.14
21,0,50,2,1,0,0
21,0,50,3,1,1,1
21,4,50,1,1,106.14,121.06
21,4,50,2,1,2.34,2.5
21,4,50,3,1,1,1
21,12,50,1,1,117.73,134.77
21,12,50,2,1,0.23,0.26
21,12,50,3,1,1,1
21,24,50,1,1,135.11,113.82
21,24,50,2,1,0.01,0.01
21,24,50,3,1,1,1
21,0,100,1,2,152.49,169.45
21,0,100,2,2,0,0
21,0,100,3,2,1,1
21,1,100,1,2,154.07,145.44
21,1,100,2,2,6.92,7.49
21,1,100,3,2,1,1
21,4,100,1,2,158.81,153.48
21,4,100,2,2,3.92,3.91
21,4,100,3,2,1,1
21,6,100,1,2,161.96,163.95
21,6,100,2,2,2,1.95
21,6,100,3,2,1,1
21,8,100,1,2,165.12,155.35
21,8,100,2,2,1,0.94
21,8,100,3,2,1,1
21,12,100,1,2,171.43,185.3
21,12,100,2,2,0.25,0.25
21,12,100,3,2,1,1
21,24,100,1,2,190.37,185.34
21,24,100,2,2,0,0
21,24,100,3,2,1,1
21,36,100,1,2,209.3,196.53
21,36,100,2,2,0,0
21,36,100,3,2,1,1
22,0,100,1,1,103.44,95.08
22,0,100,2,1,0,0
22,0,100,3,1,0,0
22,4,100,1,1,110.95,123.51
22,4,100,2,1,4.81,4.71
22,4,100,3,1,0,0
22,12,100,1,1,125.95,109.21
22,12,100,2,1,1.19,1.18
22,12,100,3,1,1,1
22,24,100,1,1,148.46,164.86
22,24,100,2,1,0.14,0.12
22,24,100,3,1,1,1
23,0,50,1,1,106.83,96.18
23,0,50,2,1,0,0
23,0,50,3,1,1,1
23,4,50,1,1,118.79,136.19
23,4,50,2,1,2.24,2.29
23,4,50,3,1,1,1
23,12,50,1,1,142.7,139.32
23,12,50,2,1,0.24,0.22
23,12,50,3,1,1,1
23,24,50,1,1,178.57,168.65
23,24,50,2,1,0.01,0.01
23,24,50,3,1,1,1
23,0,100,1,2,214.44,224.46
23,0,100,2,2,0,0
23,0,100,3,2,1,1
23,1,100,1,2,217.2,216.51
23,1,100,2,2,4.98,5.23
23,1,100,3,2,1,1
23,4,100,1,2,225.46,219.1
23,4,100,2,2,4.17,5
23,4,100,3,2,1,1
23,6,100,1,2,230.97,232.34
23,6,100,2,2,2.41,2.75
23,6,100,3,2,1,1
23,8,100,1,2,236.48,232.52
23,8,100,2,2,1.31,1.41
23,8,100,3,2,1,1
23,12,100,1,2,247.5,248.31
23,12,100,2,2,0.37,0.39
23,12,100,3,2,1,1
23,24,100,1,2,280.57,284.07
23,24,100,2,2,0.01,0.01
23,24,100,3,2,1,1
23,36,100,1,2,313.63,303.41
23,36,100,2,2,0,0
23,36,100,3,2,1,1
24,0,100,1,1,106.65,100.56
24,0,100,2,1,0,0
24,0,100,3,1,0,0
24,4,100,1,1,114.18,111.3
24,4,100,2,1,4.42,4.02
24,4,100,3,1,1,1
24,12,100,1,1,129.26,152.37
24,12,100,2,1,0.98,1.07
24,12,100,3,1,0,0
24,24,100,1,1,151.86,142.14
24,24,100,2,1,0.1,0.09
24,24,100,3,1,1,1
25,0,50,1,1,108.95,101.07
25,0,50,2,1,0,0
25,0,50,3,1,1,1
25,4,50,1,1,119.24,127.15
25,4,50,2,1,1.58,1.77
25,4,50,3,1,1,1
25,12,50,1,1,139.82,150.27
25,12,50,2,1,0.07,0.06
25,12,50,3,1,1,1
25,24,50,1,1,170.69,173.65
25,24,50,2,1,0,0
25,24,50,3,1,1,1
25,0,100,1,2,201.56,190.23
25,0,100,2,2,0,0
25,0,100,3,2,1,1
25,1,100,1,2,204.02,196.03
25,1,100,2,2,5.99,6.3
25,1,100,3,2,0,0
25,2,100,1,2,206.49,206.17
25,2,100,2,2,5.79,5.22
25,2,100,3,2,1,1
25,4,100,1,2,211.42,199.97
25,4,100,2,2,3.09,3.8
25,4,100,3,2,1,1
25,12,100,1,2,231.14,227.27
25,12,100,2,2,0.13,0.14
25,12,100,3,2,1,1
25,18,100,1,2,245.94,242.99
25,18,100,2,2,0.01,0.01
25,18,100,3,2,1,1
25,24,100,1,2,260.73,284.52
25,24,100,2,2,0,0
25,24,100,3,2,1,1
25,36,100,1,2,290.32,305.06
25,36,100,2,2,0,0
25,36,100,3,2,1,1
25,0,200,1,3,290.32,292.34
25,0,200,2,3,0,0
25,0,200,3,3,1,1
25,1,200,1,3,292.71,290.09
25,1,200,2,3,12.14,12.52
25,1,200,3,3,1,1
25,2,200,1,3,295.11,299.12
25,2,200,2,3,11.91,12.48
25,2,200,3,3,1,1
25,4,200,1,3,299.9,323.25
25,4,200,2,3,6.6,6.32
25,4,200,3,3,1,1
25,12,200,1,3,319.06,325.76
25,12,200,2,3,0.32,0.3
25,12,200,3,3,1,1
25,24,200,1,3,347.81,344.77
25,24,200,2,3,0,0
25,24,200,3,3,1,1
26,0,100,1,1,107.23,111.03
26,0,100,2,1,0,0
26,0,100,3,1,1,1
26,4,100,1,1,119.7,104.2
26,4,100,2,1,3.45,3.55
26,4,100,3,1,1,1
26,12,100,1,1,144.63,136.86
26,12,100,2,1,0.49,0.49
26,12,100,3,1,1,1
26,24,100,1,1,182.03,181.54
26,24,100,2,1,0.02,0.02
26,24,100,3,1,1,1
27,0,100,1,1,104.56,90.38
27,0,100,2,1,0,0
27,0,100,3,1,1,1
27,4,100,1,1,113.93,131.59
27,4,100,2,1,5.12,5.34
27,4,100,3,1,1,1
27,12,100,1,1,132.66,137.66
27,12,100,2,1,1.72,1.8
27,12,100,3,1,1,1
27,24,100,1,1,160.75,176.5
27,24,100,2,1,0.32,0.35
27,24,100,3,1,1,1
27,0,200,1,2,188.84,190.94
27,0,200,2,2,0,0
27,0,200,3,2,1,1
27,1,200,1,2,191.26,194.9
27,1,200,2,2,9.34,9.51
27,1,200,3,2,0,0
27,2,200,1,2,193.68,198.32
27,2,200,2,2,11.52,11.42
27,2,200,3,2,0,0
27,4,200,1,2,198.51,191.57
27,4,200,2,2,10.23,7.85
27,4,200,3,2,1,1
27,12,200,1,2,217.85,223.91
27,12,200,2,2,3.43,3.65
27,12,200,3,2,1,1
27,18,200,1,2,232.36,242.55
27,18,200,2,2,1.48,1.26
27,18,200,3,2,0,0
27,24,200,1,2,246.86,247.85
27,24,200,2,2,0.64,0.66
27,24,200,3,2,1,1
27,36,200,1,2,275.87,287.03
27,36,200,2,2,0.12,0.11
27,36,200,3,2,1,1
27,0,400,1,3,275.87,269.67
27,0,400,2,3,0,0
27,0,400,3,3,1,1
27,4,400,1,3,286.03,303.23
27,4,400,2,3,19.73,23.56
27,4,400,3,3,1,1
27,6,400,1,3,291.11,295.63
27,6,400,2,3,14.94,15.8
27,6,400,3,3,1,1
27,8,400,1,3,296.19,281.3
27,8,400,2,3,11.07,11.14
27,8,400,3,3,1,1
27,12,400,1,3,306.35,306.81
27,12,400,2,3,6.02,7.22
27,12,400,3,3,1,1
27,18,400,1,3,321.59,307.8
27,18,400,2,3,2.41,2.43
27,18,400,3,3,1,1
27,24,400,1,3,336.84,349.47
27,24,400,2,3,0.97,0.95
27,24,400,3,3,1,1
28,0,50,1,1,105.79,110
28,0,50,2,1,0,0
28,0,50,3,1,0,0
28,4,50,1,1,118.9,116.78
28,4,50,2,1,1.25,1.17
28,4,50,3,1,1,1
28,12,50,1,1,145.13,132.94
28,12,50,2,1,0.07,0.07
28,12,50,3,1,1,1
28,24,50,1,1,184.47,189.81
28,24,50,2,1,0,0
28,24,50,3,1,1,1
28,0,100,1,2,223.82,221.94
28,0,100,2,2,0,0
28,0,100,3,2,0,0
28,2,100,1,2,228.75,221.82
28,2,100,2,2,5.39,6.15
28,2,100,3,2,1,1
28,4,100,1,2,233.69,239.23
28,4,100,2,2,4.19,4.14
28,4,100,3,2,0,0
28,6,100,1,2,238.62,248.43
28,6,100,2,2,2.91,2.85
28,6,100,3,2,1,1
28,12,100,1,2,253.43,248.09
28,12,100,2,2,0.93,0.9
28,12,100,3,2,1,1
28,24,100,1,2,283.04,274.77
28,24,100,2,2,0.09,0.1
28,24,100,3,2,1,1
28,0,200,1,3,312.65,302.38
28,0,200,2,3,0,0
28,0,200,3,3,1,1
28,1,200,1,3,315.29,311.39
28,1,200,2,3,9.28,8.61
28,1,200,3,3,1,1
28,4,200,1,3,323.21,326.87
28,4,200,2,3,7.33,8.4
28,4,200,3,3,1,1
28,6,200,1,3,328.5,342.95
28,6,200,2,3,4.67,5.63
28,6,200,3,3,1,1
28,12,200,1,3,344.35,336.43
28,12,200,2,3,1.15,1.17
28,12,200,3,3,1,1
28,18,200,1,3,360.2,376.84
28,18,200,2,3,0.28,0.29
28,18,200,3,3,1,1
28,24,200,1,3,376.05,376.14
28,24,200,2,3,0.07,0.07
28,24,200,3,3,1,1
28,36,200,1,3,407.76,402.54
28,36,200,2,3,0,0
28,36,200,3,3,1,1
29,0,50,1,1,102.48,97.15
29,0,50,2,1,0,0
29,0,50,3,1,1,1
29,4,50,1,1,108.98,103.69
29,4,50,2,1,1.77,1.74
29,4,50,3,1,1,1
29,12,50,1,1,121.99,123.48
29,12,50,2,1,0.12,0.12
29,12,50,3,1,1,1
29,24,50,1,1,141.5,127.12
29,24,50,2,1,0,0
29,24,50,3,1,1,1
29,0,100,1,2,161.01,136.22
29,0,100,2,2,0,0
29,0,100,3,2,1,1
29,1,100,1,2,162.37,160.08
29,1,100,2,2,4.17,3.72
29,1,100,3,2,1,1
29,4,100,1,2,166.44,160.04
29,4,100,2,2,4.07,4.19
29,4,100,3,2,0,0
29,6,100,1,2,169.16,155.81
29,6,100,2,2,2.5,2.27
29,6,100,3,2,1,1
29,12,100,1,2,177.31,173.97
29,12,100,2,2,0.41,0.37
29,12,100,3,2,1,1
29,18,100,1,2,185.45,176.05
29,18,100,2,2,0.06,0.07
29,18,100,3,2,0,0
29,24,100,1,2,193.6,205.79
29,24,100,2,2,0.01,0.01
29,24,100,3,2,1,1
29,36,100,1,2,209.89,220.17
29,36,100,2,2,0,0
29,36,100,3,2,1,1
30,0,100,1,1,67.38,63.29
30,0,100,2,1,0,0
30,0,100,3,1,1,1
30,4,100,1,1,75.88,83.23
30,4,100,2,1,4.13,4.1
30,4,100,3,1,0,0
30,12,100,1,1,92.86,87.66
30,12,100,2,1,0.4,0.41
30,12,100,3,1,1,1
30,24,100,1,1,118.34,117.8
30,24,100,2,1,0.01,0.01
30,24,100,3,1,1,1
30,0,200,1,2,143.81,132.89
30,0,200,2,2,0,0
30,0,200,3,2,1,1
30,1,200,1,2,146.03,141.26
30,1,200,2,2,11.64,13.14
30,1,200,3,2,1,1
30,2,200,1,2,148.24,152.57
30,2,200,2,2,12.71,13.5
30,2,200,3,2,0,0
30,4,200,1,2,152.68,157.29
30,4,200,2,2,8.69,9.4
30,4,200,3,2,0,0
30,12,200,1,2,170.4,177.11
30,12,200,2,2,0.96,1.04
30,12,200,3,2,0,0
30,18,200,1,2,183.69,186.33
30,18,200,2,2,0.18,0.2
30,18,200,3,2,0,0
30,24,200,1,2,196.99,190.09
30,24,200,2,2,0.03,0.03
30,24,200,3,2,1,1
31,0,100,1,1,126.38,116.05
31,0,100,2,1,0,0
31,0,100,3,1,1,1
31,4,100,1,1,136.83,142.38
31,4,100,2,1,3.47,3.1
31,4,100,3,1,1,1
31,12,100,1,1,157.73,139.88
31,12,100,2,1,0.49,0.52
31,12,100,3,1,0,0
31,24,100,1,1,189.08,193.27
31,24,100,2,1,0.02,0.02
31,24,100,3,1,1,1
32,0,100,1,1,126.09,125.06
32,0,100,2,1,0,0
32,0,100,3,1,1,1
32,4,100,1,1,133.71,143.59
32,4,100,2,1,3.5,3.65
32,4,100,3,1,1,1
32,12,100,1,1,148.95,128.08
32,12,100,2,1,0.8,0.73
32,12,100,3,1,1,1
32,24,100,1,1,171.82,170.95
32,24,100,2,1,0.08,0.09
32,24,100,3,1,1,1
32,0,200,1,2,194.68,193.48
32,0,200,2,2,0,0
32,0,200,3,2,1,1
32,1,200,1,2,196.86,186.75
32,1,200,2,2,6.8,7.78
32,1,200,3,2,1,1
32,2,200,1,2,199.04,184.7
32,2,200,2,2,8.27,7.85
32,2,200,3,2,1,1
32,4,200,1,2,203.4,184.7
32,4,200,2,2,6.86,4.64
32,4,200,3,2,1,1
32,6,200,1,2,207.76,198.81
32,6,200,2,2,4.82,4.87
32,6,200,3,2,1,1
32,12,200,1,2,220.84,232.28
32,12,200,2,2,1.48,1.67
32,12,200,3,2,1,1
32,18,200,1,2,233.91,219.98
32,18,200,2,2,0.45,0.44
32,18,200,3,2,1,1
32,24,200,1,2,246.99,253.93
32,24,200,2,2,0.14,0.11
32,24,200,3,2,0,0
33,0,50,1,1,108.57,91.59
33,0,50,2,1,0,0
33,0,50,3,1,1,1
33,4,50,1,1,116.49,115.58
33,4,50,2,1,1.6,1.75
33,4,50,3,1,1,1
33,12,50,1,1,132.34,131.45
33,12,50,2,1,0.24,0.22
33,12,50,3,1,1,1
33,24,50,1,1,156.11,164.16
33,24,50,2,1,0.01,0.01
33,24,50,3,1,1,1
34,0,100,1,1,108.51,121.11
34,0,100,2,1,0,0
34,0,100,3,1,1,1
34,4,100,1,1,119.61,102.33
34,4,100,2,1,3.96,4.08
34,4,100,3,1,1,1
34,12,100,1,1,141.8,141.16
34,12,100,2,1,0.37,0.37
34,12,100,3,1,0,0
34,24,100,1,1,175.09,164.76
34,24,100,2,1,0.01,0.01
34,24,100,3,1,1,1
35,0,100,1,1,102.23,95.81
35,0,100,2,1,0,0
35,0,100,3,1,1,1
35,4,100,1,1,109.34,121.9
35,4,100,2,1,3.9,3.76
35,4,100,3,1,1,1
35,12,100,1,1,123.56,124.01
35,12,100,2,1,0.97,0.97
35,12,100,3,1,1,1
35,24,100,1,1,144.9,142.44
35,24,100,2,1,0.12,0.12
35,24,100,3,1,1,1
35,0,200,1,2,166.24,164.76
35,0,200,2,2,0,0
35,0,200,3,2,0,0
35,1,200,1,2,168.02,164.73
35,1,200,2,2,9.9,10.47
35,1,200,3,2,0,0
35,2,200,1,2,169.8,168.55
35,2,200,2,2,10.05,10.96
35,2,200,3,2,1,1
35,4,200,1,2,173.37,181.38
35,4,200,2,2,7.1,7.4
35,4,200,3,2,1,1
35,6,200,1,2,176.94,170.29
35,6,200,2,2,4.76,4.75
35,6,200,3,2,1,1
35,12,200,1,2,187.64,192.96
35,12,200,2,2,1.42,1.63
35,12,200,3,2,1,1
35,18,200,1,2,198.34,199.7
35,18,200,2,2,0.42,0.44
35,18,200,3,2,1,1
35,24,200,1,2,209.04,210.46
35,24,200,2,2,0.13,0.14
35,24,200,3,2,1,1
36,0,50,1,1,97.14,102.2
36,0,50,2,1,0,0
36,0,50,3,1,1,1
36,4,50,1,1,105.86,113.68
36,4,50,2,1,2.43,2.38
36,4,50,3,1,1,1
36,12,50,1,1,123.29,117.02
36,12,50,2,1,0.33,0.35
36,12,50,3,1,1,1
36,24,50,1,1,149.44,153.94
36,24,50,2,1,0.02,0.02
36,24,50,3,1,1,1
36,0,100,1,2,175.59,172.17
36,0,100,2,2,0,0
36,0,100,3,2,1,1
36,2,100,1,2,179.8,185.91
36,2,100,2,2,6.8,6.66
36,2,100,3,2,1,1
36,4,100,1,2,184.01,190.29
36,4,100,2,2,4.52,4.15
36,4,100,3,2,1,1
36,12,100,1,2,200.86,219.19
36,12,100,2,2,0.5,0.5
36,12,100,3,2,1,1
36,24,100,1,2,226.12,233.51
36,24,100,2,2,0.02,0.02
36,24,100,3,2,1,1
36,0,200,1,3,251.39,244.34
36,0,200,2,3,0,0
36,0,200,3,3,1,1
36,1,200,1,3,253.1,267.63
36,1,200,2,3,13.51,13.02
36,1,200,3,3,1,1
36,4,200,1,3,258.21,268.69
36,4,200,2,3,11.72,11.98
36,4,200,3,3,1,1
36,6,200,1,3,261.61,261.65
36,6,200,2,3,8.11,9.29
36,6,200,3,3,0,0
36,8,200,1,3,265.02,275.77
36,8,200,2,3,5.53,5.37
36,8,200,3,3,1,1
36,12,200,1,3,271.83,277.03
36,12,200,2,3,2.57,2.36
36,12,200,3,3,0,0
36,24,200,1,3,292.27,305.28
36,24,200,2,3,0.26,0.2
36,24,200,3,3,1,1
36,36,200,1,3,312.72,312.32
36,36,200,2,3,0.03,0.03
36,36,200,3,3,1,1
37,0,50,1,1,105.21,95.52
37,0,50,2,1,0,0
37,0,50,3,1,1,1
37,4,50,1,1,110.41,109.72
37,4,50,2,1,2.88,3.1
37,4,50,3,1,1,1
37,12,50,1,1,120.81,111.12
37,12,50,2,1,0.6,0.65
37,12,50,3,1,1,1
37,24,50,1,1,136.41,130.14
37,24,50,2,1,0.06,0.06
37,24,50,3,1,1,1
37,0,100,1,2,152.01,143.56
37,0,100,2,2,0,0
37,0,100,3,2,1,1
37,2,100,1,2,154.75,159.37
37,2,100,2,2,7.76,8.22
37,2,100,3,2,1,1
37,4,100,1,2,157.5,161.02
37,4,100,2,2,6.05,6.95
37,4,100,3,2,1,1
37,6,100,1,2,160.24,185.95
37,6,100,2,2,4.27,3.98
37,6,100,3,2,1,1
37,12,100,1,2,168.47,170.97
37,12,100,2,2,1.45,1.35
37,12,100,3,2,0,0
37,18,100,1,2,176.7,170.3
37,18,100,2,2,0.49,0.5
37,18,100,3,2,0,0
37,24,100,1,2,184.94,200.43
37,24,100,2,2,0.17,0.18
37,24,100,3,2,1,1
38,0,100,1,1,97.4,82.72
38,0,100,2,1,0,0
38,0,100,3,1,1,1
38,4,100,1,1,105.92,101.05
38,4,100,2,1,4.28,4.28
38,4,100,3,1,0,0
38,12,100,1,1,122.96,97.45
38,12,100,2,1,0.62,0.6
38,12,100,3,1,1,1
38,24,100,1,1,148.51,152.59
38,24,100,2,1,0.03,0.04
38,24,100,3,1,1,1
38,0,200,1,2,174.07,167.83
38,0,200,2,2,0,0
38,0,200,3,2,1,1
38,2,200,1,2,177.95,202.37
38,2,200,2,2,12.68,12.26
38,2,200,3,2,0,0
38,4,200,1,2,181.83,179.8
38,4,200,2,2,9.93,8.37
38,4,200,3,2,1,1
38,6,200,1,2,185.71,166.12
38,6,200,2,2,6.87,6.51
38,6,200,3,2,1,1
38,12,200,1,2,197.35,180.24
38,12,200,2,2,2.14,2.04
38,12,200,3,2,1,1
38,18,200,1,2,208.98,193.44
38,18,200,2,2,0.66,0.64
38,18,200,3,2,1,1
38,24,200,1,2,220.62,220.75
38,24,200,2,2,0.21,0.2
38,24,200,3,2,1,1
38,0,400,1,3,243.9,235.36
38,0,400,2,3,0,0
38,0,400,3,3,0,0
38,2,400,1,3,248,255.35
38,2,400,2,3,25.55,21.47
38,2,400,3,3,1,1
38,4,400,1,3,252.1,247.33
38,4,400,2,3,20.21,21.47
38,4,400,3,3,1,1
38,6,400,1,3,256.2,256.95
38,6,400,2,3,14.13,15.88
38,6,400,3,3,1,1
38,12,400,1,3,268.5,273.72
38,12,400,2,3,4.55,4.88
38,12,400,3,3,1,1
38,18,400,1,3,280.79,292.49
38,18,400,2,3,1.46,1.56
38,18,400,3,3,1,1
38,24,400,1,3,293.09,289.14
38,24,400,2,3,0.47,0.44
38,24,400,3,3,1,1
39,0,50,1,1,120.89,125.98
39,0,50,2,1,0,0
39,0,50,3,1,1,1
39,4,50,1,1,130.34,121.65
39,4,50,2,1,1.9,1.72
39,4,50,3,1,1,1
39,12,50,1,1,149.24,158.46
39,12,50,2,1,0.23,0.21
39,12,50,3,1,1,1
39,24,50,1,1,177.59,188.37
39,24,50,2,1,0.01,0.01
39,24,50,3,1,1,1
40,0,100,1,1,76.98,79.69
40,0,100,2,1,0,0
40,0,100,3,1,1,1
40,4,100,1,1,83.95,82.3
40,4,100,2,1,4.54,5.04
40,4,100,3,1,1,1
40,12,100,1,1,97.9,94.62
40,12,100,2,1,0.71,0.67
40,12,100,3,1,1,1
40,24,100,1,1,118.83,133.57
40,24,100,2,1,0.04,0.03
40,24,100,3,1,0,0
40,0,200,1,2,139.76,141.01
40,0,200,2,2,0,0
40,0,200,3,2,1,1
40,4,200,1,2,146.24,157.98
40,4,200,2,2,9.91,9.11
40,4,200,3,2,1,1
40,8,200,1,2,152.71,130.27
40,8,200,2,2,4.42,4.34
40,8,200,3,2,1,1
40,12,200,1,2,159.18,167.8
40,12,200,2,2,1.94,1.99
40,12,200,3,2,1,1
40,24,200,1,2,178.61,172.79
40,24,200,2,2,0.17,0.17
40,24,200,3,2,0,0
40,36,200,1,2,198.03,201.71
40,36,200,2,2,0.01,0.01
40,36,200,3,2,1,1
41,0,100,1,1,117.32,119.92
41,0,100,2,1,0,0
41,0,100,3,1,1,1
41,4,100,1,1,125.48,147.7
41,4,100,2,1,4.37,4.28
41,4,100,3,1,1,1
41,12,100,1,1,141.79,130.57
41,12,100,2,1,0.54,0.5
41,12,100,3,1,1,1
41,24,100,1,1,166.25,178.05
41,24,100,2,1,0.02,0.02
41,24,100,3,1,1,1
41,0,200,1,2,190.72,191.33
41,0,200,2,2,0,0
41,0,200,3,2,1,1
41,1,200,1,2,193.2,184.8
41,1,200,2,2,9.97,9.38
41,1,200,3,2,1,1
41,4,200,1,2,200.63,202.38
41,4,200,2,2,6.88,6.45
41,4,200,3,2,1,1
41,12,200,1,2,220.46,212.02
41,12,200,2,2,0.44,0.43
41,12,200,3,2,1,1
41,18,200,1,2,235.33,238.46
41,18,200,2,2,0.05,0.05
41,18,200,3,2,1,1
41,24,200,1,2,250.2,259.17
41,24,200,2,2,0.01,0.01
41,24,200,3,2,1,1
41,36,200,1,2,279.95,283.62
41,36,200,2,2,0,0
41,36,200,3,2,1,1
42,0,50,1,1,81.31,72.1
42,0,50,2,1,0,0
42,0,50,3,1,1,1
42,4,50,1,1,88.77,88.14
42,4,50,2,1,2.11,2.26
42,4,50,3,1,1,1
42,12,50,1,1,103.7,90.17
42,12,50,2,1,0.22,0.23
42,12,50,3,1,1,1
42,24,50,1,1,126.1,108.26
42,24,50,2,1,0.01,0.01
42,24,50,3,1,1,1
43,0,50,1,1,123.38,131.9
43,0,50,2,1,0,0
43,0,50,3,1,1,1
43,4,50,1,1,132.93,140.24
43,4,50,2,1,1.61,1.8
43,4,50,3,1,1,1
43,12,50,1,1,152.03,146.25
43,12,50,2,1,0.26,0.25
43,12,50,3,1,1,1
43,24,50,1,1,180.68,194.99
43,24,50,2,1,0.02,0.02
43,24,50,3,1,1,1
43,0,100,1,2,209.33,215.24
43,0,100,2,2,0,0
43,0,100,3,2,1,1
43,1,100,1,2,211.69,224.48
43,1,100,2,2,3.93,3.74
43,1,100,3,2,1,1
43,4,100,1,2,218.76,230.56
43,4,100,2,2,3.47,4.04
43,4,100,3,2,1,1
43,12,100,1,2,237.62,229.76
43,12,100,2,2,0.67,0.67
43,12,100,3,2,1,1
43,18,100,1,2,251.77,240.55
43,18,100,2,2,0.19,0.22
43,18,100,3,2,1,1
43,24,100,1,2,265.91,266.47
43,24,100,2,2,0.05,0.05
43,24,100,3,2,1,1
43,36,100,1,2,294.2,301.71
43,36,100,2,2,0,0
43,36,100,3,2,0,0
43,0,200,1,3,294.2,296.09
43,0,200,2,3,0,0
43,0,200,3,3,1,1
43,1,200,1,3,296.64,298.06
43,1,200,2,3,7.92,7.9
43,1,200,3,3,1,1
43,4,200,1,3,303.95,301.76
43,4,200,2,3,7.23,6.66
43,4,200,3,3,1,1
43,12,200,1,3,323.46,327.52
43,12,200,2,3,1.55,1.62
43,12,200,3,3,1,1
43,18,200,1,3,338.08,320.75
43,18,200,2,3,0.48,0.57
43,18,200,3,3,1,1
43,24,200,1,3,352.71,349.81
43,24,200,2,3,0.15,0.13
43,24,200,3,3,1,1
44,0,50,1,1,72.34,76.92
44,0,50,2,1,0,0
44,0,50,3,1,1,1
44,4,50,1,1,84.52,76.9
44,4,50,2,1,1.83,2.1
44,4,50,3,1,1,1
44,12,50,1,1,108.87,118.45
44,12,50,2,1,0.29,0.33
44,12,50,3,1,0,0
44,24,50,1,1,145.4,136.06
44,24,50,2,1,0.02,0.02
44,24,50,3,1,1,1
44,0,100,1,2,181.92,175.1
44,0,100,2,2,0,0
44,0,100,3,2,1,1
44,4,100,1,2,194.19,186.66
44,4,100,2,2,3.14,3.46
44,4,100,3,2,1,1
44,8,100,1,2,206.45,191.57
44,8,100,2,2,1.03,1.05
44,8,100,3,2,1,1
44,12,100,1,2,218.72,214.31
44,12,100,2,2,0.34,0.29
44,12,100,3,2,1,1
44,18,100,1,2,237.12,234.19
44,18,100,2,2,0.06,0.07
44,18,100,3,2,1,1
44,24,100,1,2,255.52,244.63
44,24,100,2,2,0.01,0.01
44,24,100,3,2,0,0
45,0,100,1,1,103.28,95.03
45,0,100,2,1,0,0
45,0,100,3,1,1,1
45,4,100,1,1,111.02,112.2
45,4,100,2,1,5.73,5.94
45,4,100,3,1,1,1
45,12,100,1,1,126.49,118.23
45,12,100,2,1,1.28,1.37
45,12,100,3,1,1,1
45,24,100,1,1,149.69,153.75
45,24,100,2,1,0.12,0.12
45,24,100,3,1,1,1
45,0,200,1,2,172.9,177.6
45,0,200,2,2,0,0
45,0,200,3,2,0,0
45,2,200,1,2,175.89,181.22
45,2,200,2,2,14.49,11.03
45,2,200,3,2,0,0
45,4,200,1,2,178.89,181.54
45,4,200,2,2,13.18,13.72
45,4,200,3,2,1,1
45,8,200,1,2,184.88,167.02
45,8,200,2,2,7.7,8.44
45,8,200,3,2,1,1
45,12,200,1,2,190.87,214.19
45,12,200,2,2,4.3,4.24
45,12,200,3,2,1,1
45,18,200,1,2,199.86,207
45,18,200,2,2,1.79,1.33
45,18,200,3,2,1,1
45,24,200,1,2,208.84,202
45,24,200,2,2,0.75,0.65
45,24,200,3,2,1,1
45,36,200,1,2,226.81,229.83
45,36,200,2,2,0.13,0.12
45,36,200,3,2,1,1
46,0,100,1,1,109.26,113.63
46,0,100,2,1,0,0
46,0,100,3,1,0,0
46,4,100,1,1,119.72,140.41
46,4,100,2,1,4.03,3.8
46,4,100,3,1,1,1
46,12,100,1,1,140.62,135.05
46,12,100,2,1,1.18,1.19
46,12,100,3,1,0,0
46,24,100,1,1,171.98,167.21
46,24,100,2,1,0.18,0.21
46,24,100,3,1,1,1
46,0,200,1,2,203.34,209.17
46,0,200,2,2,0,0
46,0,200,3,2,1,1
46,2,200,1,2,208.68,230.02
46,2,200,2,2,9.35,9.18
46,2,200,3,2,1,1
46,4,200,1,2,214.02,221.22
46,4,200,2,2,7.83,7.94
46,4,200,3,2,1,1
46,12,200,1,2,235.36,233.29
46,12,200,2,2,2.12,2.91
46,12,200,3,2,1,1
46,24,200,1,2,267.38,261.66
46,24,200,2,2,0.29,0.34
46,24,200,3,2,1,1
46,0,400,1,3,299.4,296.45
46,0,400,2,3,0,0
46,0,400,3,3,1,1
46,2,400,1,3,304.19,296.25
46,2,400,2,3,18.99,19.99
46,2,400,3,3,0,0
46,4,400,1,3,308.99,309.98
46,4,400,2,3,16.24,14.14
46,4,400,3,3,1,1
46,12,400,1,3,328.15,333.4
46,12,400,2,3,4.83,4.58
46,12,400,3,3,1,1
46,24,400,1,3,356.9,356.82
46,24,400,2,3,0.75,0.74
46,24,400,3,3,1,1
47,0,50,1,1,109.81,107.97
47,0,50,2,1,0,0
47,0,50,3,1,1,1
47,4,50,1,1,122.99,125.64
47,4,50,2,1,1.71,1.53
47,4,50,3,1,1,1
47,12,50,1,1,149.36,144.34
47,12,50,2,1,0.33,0.31
47,12,50,3,1,1,1
47,24,50,1,1,188.91,182.21
47,24,50,2,1,0.02,0.02
47,24,50,3,1,1,1
47,0,100,1,2,228.46,210.34
47,0,100,2,2,0,0
47,0,100,3,2,1,1
47,2,100,1,2,233.58,234.92
47,2,100,2,2,4.36,4.19
47,2,100,3,2,1,1
47,4,100,1,2,238.69,209.24
47,4,100,2,2,3.81,4.45
47,4,100,3,2,0,0
47,12,100,1,2,259.13,259.59
47,12,100,2,2,0.99,0.87
47,12,100,3,2,1,1
47,24,100,1,2,289.81,283.12
47,24,100,2,2,0.12,0.13
47,24,100,3,2,1,1
48,0,50,1,1,145.37,131.58
48,0,50,2,1,0,0
48,0,50,3,1,1,1
48,4,50,1,1,157.42,134.75
48,4,50,2,1,1.64,1.32
48,4,50,3,1,1,1
48,12,50,1,1,181.54,197.98
48,12,50,2,1,0.48,0.45
48,12,50,3,1,1,1
48,24,50,1,1,217.71,203.09
48,24,50,2,1,0.07,0.07
48,24,50,3,1,1,1
49,0,50,1,1,70.34,74.89
49,0,50,2,1,0,0
49,0,50,3,1,1,1
49,4,50,1,1,76.43,85.2
49,4,50,2,1,2.97,2.72
49,4,50,3,1,0,0
49,12,50,1,1,88.62,92.79
49,12,50,2,1,0.54,0.46
49,12,50,3,1,1,1
49,24,50,1,1,106.9,111.51
49,24,50,2,1,0.04,0.04
49,24,50,3,1,1,1
50,0,50,1,1,88.57,93.91
50,0,50,2,1,0,0
50,0,50,3,1,0,0
50,4,50,1,1,92.06,94.97
50,4,50,2,1,2.77,2.48
50,4,50,3,1,1,1
50,12,50,1,1,99.04,87.4
50,12,50,2,1,0.91,1.02
50,12,50,3,1,1,1
50,24,50,1,1,109.5,94.66
50,24,50,2,1,0.17,0.17
50,24,50,3,1,1,1
50,0,100,1,2,119.96,102.79
50,0,100,2,2,0,0
50,0,100,3,2,1,1
50,2,100,1,2,121.91,134.9
50,2,100,2,2,6.15,5.32
50,2,100,3,2,0,0
50,4,100,1,2,123.87,122.95
50,4,100,2,2,5.03,5.42
50,4,100,3,2,1,1
50,12,100,1,2,131.67,144.51
50,12,100,2,2,1.28,1.13
50,12,100,3,2,1,1
50,24,100,1,2,143.38,133.61
50,24,100,2,2,0.16,0.17
50,24,100,3,2,1,1
50,0,200,1,3,155.1,162.49
50,0,200,2,3,0,0
50,0,200,3,3,1,1
50,4,200,1,3,158.67,148.88
50,4,200,2,3,10.3,10.12
50,4,200,3,3,1,1
50,6,200,1,3,160.45,165.24
50,6,200,2,3,7.54,7.63
50,6,200,3,3,1,1
50,8,200,1,3,162.24,164.41
50,8,200,2,3,5.43,4.2
50,8,200,3,3,1,1
50,12,200,1,3,165.81,170.8
50,12,200,2,3,2.79,2.83
50,12,200,3,3,1,1
50,18,200,1,3,171.17,161.16
50,18,200,2,3,1.03,1.15
50,18,200,3,3,1,1
50,24,200,1,3,176.52,162.26
50,24,200,2,3,0.38,0.31
50,24,200,3,3,1,1
51,0,100,1,1,92.94,80.42
51,0,100,2,1,0,0
51,0,100,3,1,1,1
51,4,100,1,1,101.4,104.01
51,4,100,2,1,5.93,4.99
51,4,100,3,1,0,0
51,12,100,1,1,118.34,126.34
51,12,100,2,1,1.34,1.45
51,12,100,3,1,1,1
51,24,100,1,1,143.74,154.77
51,24,100,2,1,0.14,0.15
51,24,100,3,1,1,1
51,0,200,1,2,169.14,163.77
51,0,200,2,2,0,0
51,0,200,3,2,1,1
51,4,200,1,2,177.27,163.47
51,4,200,2,2,11.83,13.26
51,4,200,3,2,1,1
51,6,200,1,2,181.33,162.82
51,6,200,2,2,8.27,7.71
51,6,200,3,2,1,1
51,8,200,1,2,185.4,195.24
51,8,200,2,2,5.67,4.99
51,8,200,3,2,0,0
51,12,200,1,2,193.53,190.22
51,12,200,2,2,2.65,2.69
51,12,200,3,2,1,1
51,18,200,1,2,205.73,202.8
51,18,200,2,2,0.85,0.82
51,18,200,3,2,1,1
51,24,200,1,2,217.93,228.6
51,24,200,2,2,0.27,0.32
51,24,200,3,2,1,1
52,0,100,1,1,132.31,129.63
52,0,100,2,1,0,0
52,0,100,3,1,1,1
52,4,100,1,1,140.68,125.94
52,4,100,2,1,5,4.06
52,4,100,3,1,1,1
52,12,100,1,1,157.42,171.37
52,12,100,2,1,0.72,0.72
52,12,100,3,1,1,1
52,24,100,1,1,182.54,197.32
52,24,100,2,1,0.04,0.03
52,24,100,3,1,1,1
52,0,200,1,2,207.66,221.67
52,0,200,2,2,0,0
52,0,200,3,2,1,1
52,2,200,1,2,211.63,223.33
52,2,200,2,2,13.44,14.92
52,2,200,3,2,1,1
52,4,200,1,2,215.6,234.78
52,4,200,2,2,10.71,11.05
52,4,200,3,2,1,1
52,12,200,1,2,231.48,214.65
52,12,200,2,2,1.88,2.01
52,12,200,3,2,1,1
52,24,200,1,2,255.3,255.54
52,24,200,2,2,0.13,0.11
52,24,200,3,2,0,0
53,0,50,1,1,87.57,77.02
53,0,50,2,1,0,0
53,0,50,3,1,1,1
53,4,50,1,1,94.81,89.32
53,4,50,2,1,2.67,2.67
53,4,50,3,1,1,1
53,12,50,1,1,109.29,92.91
53,12,50,2,1,0.62,0.61
53,12,50,3,1,1,1
53,24,50,1,1,131.01,139.28
53,24,50,2,1,0.06,0.06
53,24,50,3,1,1,1
53,0,100,1,2,152.73,149.48
53,0,100,2,2,0,0
53,0,100,3,2,1,1
53,2,100,1,2,155.84,146
53,2,100,2,2,6.69,7.27
53,2,100,3,2,0,0
53,4,100,1,2,158.96,164.06
53,4,100,2,2,5.58,4.18
53,4,100,3,2,0,0
53,12,100,1,2,171.43,178.01
53,12,100,2,2,1.45,1.55
53,12,100,3,2,1,1
53,24,100,1,2,190.13,189.29
53,24,100,2,2,0.18,0.2
53,24,100,3,2,1,1
53,0,200,1,3,208.83,206.18
53,0,200,2,3,0,0
53,0,200,3,3,1,1
53,2,200,1,3,212,178.83
53,2,200,2,3,13.43,14.06
53,2,200,3,3,1,1
53,4,200,1,3,215.17,204.85
53,4,200,2,3,11.28,11.66
53,4,200,3,3,0,0
53,12,200,1,3,227.84,214.47
53,12,200,2,3,3.01,3.06
53,12,200,3,3,1,1
53,24,200,1,3,246.85,264.39
53,24,200,2,3,0.4,0.41
53,24,200,3,3,1,1
54,0,100,1,1,88.5,89.53
54,0,100,2,1,0,0
54,0,100,3,1,1,1
54,4,100,1,1,97.65,102.37
54,4,100,2,1,5.7,5.81
54,4,100,3,1,1,1
54,12,100,1,1,115.95,124.35
54,12,100,2,1,0.89,0.83
54,12,100,3,1,1,1
54,24,100,1,1,143.39,159.75
54,24,100,2,1,0.05,0.05
54,24,100,3,1,1,1
54,0,200,1,2,170.83,166.84
54,0,200,2,2,0,0
54,0,200,3,2,1,1
54,2,200,1,2,176.38,178.66
54,2,200,2,2,14.98,12.99
54,2,200,3,2,1,1
54,4,200,1,2,181.93,178.58
54,4,200,2,2,10.78,12.49
54,4,200,3,2,1,1
54,12,200,1,2,204.13,211.88
54,12,200,2,2,1.45,1.28
54,12,200,3,2,1,1
54,24,200,1,2,237.42,210.87
54,24,200,2,2,0.07,0.08
54,24,200,3,2,1,1
54,0,400,1,3,270.72,270
54,0,400,2,3,0,0
54,0,400,3,3,0,0
54,2,400,1,3,276.12,262.84
54,2,400,2,3,29.06,28.86
54,2,400,3,3,1,1
54,4,400,1,3,281.53,286.12
54,4,400,2,3,20.09,21.06
54,4,400,3,3,1,1
54,12,400,1,3,303.15,297.56
54,12,400,2,3,2.24,1.99
54,12,400,3,3,1,1
54,24,400,1,3,335.58,321.77
54,24,400,2,3,0.08,0.06
54,24,400,3,3,1,1
55,0,50,1,1,125.16,129.61
55,0,50,2,1,0,0
55,0,50,3,1,1,1
55,4,50,1,1,137.94,146.85
55,4,50,2,1,1.98,2.01
55,4,50,3,1,1,1
55,12,50,1,1,163.51,163.56
55,12,50,2,1,0.38,0.37
55,12,50,3,1,1,1
55,24,50,1,1,201.86,202.82
55,24,50,2,1,0.03,0.03
55,24,50,3,1,1,1
55,0,100,1,2,240.22,249.17
55,0,100,2,2,0,0
55,0,100,3,2,1,1
55,4,100,1,2,251.68,249.82
55,4,100,2,2,3.97,4.24
55,4,100,3,2,1,1
55,8,100,1,2,263.15,269.75
55,8,100,2,2,1.75,1.68
55,8,100,3,2,1,1
55,12,100,1,2,274.62,270.4
55,12,100,2,2,0.77,0.71
55,12,100,3,2,1,1
55,24,100,1,2,309.02,298.13
55,24,100,2,2,0.06,0.06
55,24,100,3,2,1,1
55,0,200,1,3,343.42,344.25
55,0,200,2,3,0,0
55,0,200,3,3,1,1
55,2,200,1,3,349.36,343.2
55,2,200,2,3,11.16,11.55
55,2,200,3,3,1,1
55,4,200,1,3,355.29,359.3
55,4,200,2,3,7.62,8.31
55,4,200,3,3,1,1
55,12,200,1,3,379.05,383.33
55,12,200,2,3,1.33,1.64
55,12,200,3,3,1,1
55,24,200,1,3,414.67,422.11
55,24,200,2,3,0.1,0.1
55,24,200,3,3,1,1
55,36,200,1,3,450.3,465.91
55,36,200,2,3,0.01,0.01
55,36,200,3,3,1,1
56,0,50,1,1,103.5,90.49
56,0,50,2,1,0,0
56,0,50,3,1,1,1
56,4,50,1,1,113.68,108.01
56,4,50,2,1,2.31,2.48
56,4,50,3,1,1,1
56,12,50,1,1,134.04,114.01
56,12,50,2,1,0.43,0.43
56,12,50,3,1,1,1
56,24,50,1,1,164.58,157.33
56,24,50,2,1,0.03,0.03
56,24,50,3,1,1,1
56,0,100,1,2,195.12,203.23
56,0,100,2,2,0,0
56,0,100,3,2,1,1
56,4,100,1,2,203.95,207.64
56,4,100,2,2,4.57,4.85
56,4,100,3,2,1,1
56,8,100,1,2,212.79,200.85
56,8,100,2,2,1.98,2.13
56,8,100,3,2,1,1
56,12,100,1,2,221.62,213.44
56,12,100,2,2,0.83,0.72
56,12,100,3,2,1,1
56,24,100,1,2,248.12,252.47
56,24,100,2,2,0.06,0.07
56,24,100,3,2,1,1
56,36,100,1,2,274.63,276.54
56,36,100,2,2,0,0
56,36,100,3,2,1,1
57,0,50,1,1,87.02,81.97
57,0,50,2,1,0,0
57,0,50,3,1,0,0
57,4,50,1,1,96.11,77.35
57,4,50,2,1,2.93,3.04
57,4,50,3,1,0,0
57,12,50,1,1,114.29,103.57
57,12,50,2,1,0.71,0.72
57,12,50,3,1,1,1
57,24,50,1,1,141.56,135.78
57,24,50,2,1,0.08,0.09
57,24,50,3,1,1,1
57,0,100,1,2,168.84,150.11
57,0,100,2,2,0,0
57,0,100,3,2,1,1
57,1,100,1,2,171.08,173.17
57,1,100,2,2,5.72,5.4
57,1,100,3,2,1,1
57,4,100,1,2,177.83,163.78
57,4,100,2,2,5.89,5.67
57,4,100,3,2,1,1
57,8,100,1,2,186.82,177.63
57,8,100,2,2,2.99,3.4
57,8,100,3,2,1,1
57,12,100,1,2,195.82,193.03
57,12,100,2,2,1.46,1.45
57,12,100,3,2,1,1
57,18,100,1,2,209.31,218.04
57,18,100,2,2,0.49,0.54
57,18,100,3,2,1,1
57,24,100,1,2,222.8,218.15
57,24,100,2,2,0.17,0.15
57,24,100,3,2,1,1
57,36,100,1,2,249.78,249.25
57,36,100,2,2,0.02,0.02
57,36,100,3,2,1,1
58,0,50,1,1,100.61,109.27
58,0,50,2,1,0,0
58,0,50,3,1,1,1
58,4,50,1,1,109.54,114.17
58,4,50,2,1,2.5,2.75
58,4,50,3,1,1,1
58,12,50,1,1,127.4,130.47
58,12,50,2,1,0.87,0.84
58,12,50,3,1,1,1
58,24,50,1,1,154.2,146.78
58,24,50,2,1,0.17,0.18
58,24,50,3,1,1,1
58,0,100,1,2,180.99,193.65
58,0,100,2,2,0,0
58,0,100,3,2,1,1
58,4,100,1,2,189.93,204.05
58,4,100,2,2,5.16,4.89
58,4,100,3,2,0,0
58,12,100,1,2,207.83,220.77
58,12,100,2,2,1.94,1.9
58,12,100,3,2,1,1
58,18,100,1,2,221.25,207.56
58,18,100,2,2,0.92,0.77
58,18,100,3,2,1,1
58,24,100,1,2,234.67,224.41
58,24,100,2,2,0.43,0.43
58,24,100,3,2,1,1
58,0,200,1,3,261.51,277.05
58,0,200,2,3,0,0
58,0,200,3,3,1,1
58,2,200,1,3,266.68,267.62
58,2,200,2,3,11.11,10.81
58,2,200,3,3,1,1
58,4,200,1,3,271.85,269.97
58,4,200,2,3,9.51,9.83
58,4,200,3,3,1,1
58,8,200,1,3,282.18,289.43
58,8,200,2,3,5.31,4.33
58,8,200,3,3,1,1
58,12,200,1,3,292.51,313.06
58,12,200,2,3,2.9,2.99
58,12,200,3,3,1,1
58,24,200,1,3,323.51,326.89
58,24,200,2,3,0.47,0.53
58,24,200,3,3,1,1
58,36,200,1,3,354.51,350.51
58,36,200,2,3,0.08,0.09
58,36,200,3,3,1,1
59,0,100,1,1,109.12,110.63
59,0,100,2,1,0,0
59,0,100,3,1,0,0
59,4,100,1,1,116.14,123.26
59,4,100,2,1,5.4,4.74
59,4,100,3,1,0,0
59,12,100,1,1,130.16,130.3
59,12,100,2,1,2.05,1.98
59,12,100,3,1,1,1
59,24,100,1,1,151.2,155.3
59,24,100,2,1,0.46,0.51
59,24,100,3,1,1,1
59,0,200,1,2,172.23,173.03
59,0,200,2,2,0,0
59,0,200,3,2,1,1
59,2,200,1,2,175.54,162.61
59,2,200,2,2,11.82,12.46
59,2,200,3,2,0,0
59,4,200,1,2,178.84,178.68
59,4,200,2,2,10.56,10
59,4,200,3,2,1,1
59,8,200,1,2,185.46,175.97
59,8,200,2,2,6.4,6.31
59,8,200,3,2,1,1
59,12,200,1,2,192.07,200.59
59,12,200,2,2,3.77,4
59,12,200,3,2,0,0
59,24,200,1,2,211.9,210.28
59,24,200,2,2,0.77,0.69
59,24,200,3,2,1,1
59,36,200,1,2,231.73,237.24
59,36,200,2,2,0.16,0.15
59,36,200,3,2,1,1
60,0,50,1,1,121.16,112.39
60,0,50,2,1,0,0
60,0,50,3,1,1,1
60,4,50,1,1,131.23,145.97
60,4,50,2,1,1.87,1.94
60,4,50,3,1,0,0
60,12,50,1,1,151.37,153.17
60,12,50,2,1,0.59,0.54
60,12,50,3,1,0,0
60,24,50,1,1,181.57,197.33
60,24,50,2,1,0.11,0.11
60,24,50,3,1,1,1
60,0,100,1,2,211.78,206.79
60,0,100,2,2,0,0
60,0,100,3,2,1,1
60,2,100,1,2,216.29,218.64
60,2,100,2,2,4.83,5.19
60,2,100,3,2,1,1
60,4,100,1,2,220.81,213.14
60,4,100,2,2,3.94,4.04
60,4,100,3,2,1,1
60,6,100,1,2,225.33,227.49
60,6,100,2,2,3.05,3.04
60,6,100,3,2,1,1
60,12,100,1,2,238.87,238.16
60,12,100,2,2,1.41,1.13
60,12,100,3,2,1,1
60,24,100,1,2,265.96,273.88
60,24,100,2,2,0.3,0.35
60,24,100,3,2,1,1
60,36,100,1,2,293.06,282.92
60,36,100,2,2,0.06,0.06
60,36,100,3,2,1,1
61,0,100,1,1,83.29,69.49
61,0,100,2,1,0,0
61,0,100,3,1,0,0
61,4,100,1,1,92.36,107.41
61,4,100,2,1,4.57,4.52
61,4,100,3,1,1,1
61,12,100,1,1,110.5,103.27
61,12,100,2,1,0.77,0.78
61,12,100,3,1,1,1
61,24,100,1,1,137.7,132.2
61,24,100,2,1,0.05,0.06
61,24,100,3,1,0,0
61,0,200,1,2,164.9,158.1
61,0,200,2,2,0,0
61,0,200,3,2,1,1
61,2,200,1,2,170.38,161.31
61,2,200,2,2,12.62,13.52
61,2,200,3,2,1,1
61,4,200,1,2,175.85,164.77
61,4,200,2,2,8.35,6.8
61,4,200,3,2,1,1
61,6,200,1,2,181.33,196.95
61,6,200,2,2,5.09,4.23
61,6,200,3,2,1,1
61,12,200,1,2,197.75,185.27
61,12,200,2,2,1.13,1.37
61,12,200,3,2,1,1
61,24,200,1,2,230.6,241.73
61,24,200,2,2,0.06,0.06
61,24,200,3,2,1,1
61,36,200,1,2,263.45,252.3
61,36,200,2,2,0,0
61,36,200,3,2,1,1
62,0,100,1,1,70.46,82.46
62,0,100,2,1,0,0
62,0,100,3,1,1,1
62,4,100,1,1,75.05,76.23
62,4,100,2,1,3.75,4.57
62,4,100,3,1,0,0
62,12,100,1,1,84.23,77.68
62,12,100,2,1,1.11,0.94
62,12,100,3,1,1,1
62,24,100,1,1,97.99,93.07
62,24,100,2,1,0.18,0.19
62,24,100,3,1,1,1
63,0,50,1,1,100.61,98.38
63,0,50,2,1,0,0
63,0,50,3,1,1,1
63,4,50,1,1,110.75,115.24
63,4,50,2,1,2.12,2.16
63,4,50,3,1,1,1
63,12,50,1,1,131.05,127.01
63,12,50,2,1,0.56,0.65
63,12,50,3,1,1,1
63,24,50,1,1,161.49,155.91
63,24,50,2,1,0.07,0.06
63,24,50,3,1,1,1
63,0,100,1,2,191.93,196.84
63,0,100,2,2,0,0
63,0,100,3,2,1,1
63,2,100,1,2,196.93,196.35
63,2,100,2,2,4.94,4.92
63,2,100,3,2,1,1
63,4,100,1,2,201.93,201.73
63,4,100,2,2,4.15,3.86
63,4,100,3,2,1,1
63,6,100,1,2,206.93,215.11
63,6,100,2,2,3.01,3.33
63,6,100,3,2,1,1
63,12,100,1,2,221.93,205.25
63,12,100,2,2,1.04,0.84
63,12,100,3,2,1,1
63,24,100,1,2,251.93,262
63,24,100,2,2,0.12,0.1
63,24,100,3,2,1,1
63,36,100,1,2,281.93,287
63,36,100,2,2,0.01,0.01
63,36,100,3,2,1,1
64,0,50,1,1,81.69,98.53
64,0,50,2,1,0,0
64,0,50,3,1,1,1
64,4,50,1,1,90.58,93.74
64,4,50,2,1,2.01,2.26
64,4,50,3,1,1,1
64,12,50,1,1,108.38,119.62
64,12,50,2,1,0.27,0.31
64,12,50,3,1,1,1
64,24,50,1,1,135.08,125.35
64,24,50,2,1,0.01,0.01
64,24,50,3,1,1,1
64,0,100,1,2,161.77,178.11
64,0,100,2,2,0,0
64,0,100,3,2,0,0
64,2,100,1,2,166.24,155.25
64,2,100,2,2,5.06,4.69
64,2,100,3,2,1,1
64,4,100,1,2,170.71,156.95
64,4,100,2,2,4.02,3.59
64,4,100,3,2,1,1
64,6,100,1,2,175.17,186.08
64,6,100,2,2,2.57,2.71
64,6,100,3,2,1,1
64,8,100,1,2,179.64,182.22
64,8,100,2,2,1.55,1.5
64,8,100,3,2,1,1
64,12,100,1,2,188.57,184.27
64,12,100,2,2,0.54,0.57
64,12,100,3,2,1,1
64,18,100,1,2,201.97,191.3
64,18,100,2,2,0.11,0.09
64,18,100,3,2,1,1
64,24,100,1,2,215.37,210.35
64,24,100,2,2,0.02,0.03
64,24,100,3,2,1,1
64,0,200,1,3,242.16,235.29
64,0,200,2,3,0,0
64,0,200,3,3,1,1
64,4,200,1,3,251.59,274.31
64,4,200,2,3,8.57,7.14
64,4,200,3,3,1,1
64,6,200,1,3,256.3,261.8
64,6,200,2,3,5.73,5.6
64,6,200,3,3,1,1
64,8,200,1,3,261.01,256.87
64,8,200,2,3,3.62,3.34
64,8,200,3,3,1,1
64,12,200,1,3,270.43,262.52
64,12,200,2,3,1.39,1.3
64,12,200,3,3,1,1
64,24,200,1,3,298.69,297.02
64,24,200,2,3,0.08,0.07
64,24,200,3,3,1,1
65,0,100,1,1,102.61,107.22
65,0,100,2,1,0,0
65,0,100,3,1,1,1
65,4,100,1,1,109.93,108.08
65,4,100,2,1,3.92,4.72
65,4,100,3,1,0,0
65,12,100,1,1,124.58,132.36
65,12,100,2,1,1.46,1.69
65,12,100,3,1,0,0
65,24,100,1,1,146.54,162.29
65,24,100,2,1,0.3,0.28
65,24,100,3,1,1,1
66,0,100,1,1,119.01,117.99
66,0,100,2,1,0,0
66,0,100,3,1,1,1
66,4,100,1,1,128.04,132.11
66,4,100,2,1,3.46,3.4
66,4,100,3,1,0,0
66,12,100,1,1,146.08,132.78
66,12,100,2,1,0.29,0.29
66,12,100,3,1,1,1
66,24,100,1,1,173.15,168.89
66,24,100,2,1,0.01,0.01
66,24,100,3,1,1,1
66,0,200,1,2,200.23,182.25
66,0,200,2,2,0,0
66,0,200,3,2,1,1
66,4,200,1,2,208.86,190.4
66,4,200,2,2,7.35,7.12
66,4,200,3,2,1,1
66,6,200,1,2,213.18,222.32
66,6,200,2,2,4.3,3.76
66,6,200,3,2,0,0
66,8,200,1,2,217.5,222.34
66,8,200,2,2,2.41,2.22
66,8,200,3,2,0,0
66,12,200,1,2,226.14,224.41
66,12,200,2,2,0.74,0.65
66,12,200,3,2,1,1
66,24,200,1,2,252.06,256.69
66,24,200,2,2,0.02,0.02
66,24,200,3,2,1,1
66,0,400,1,3,277.98,296.13
66,0,400,2,3,0,0
66,0,400,3,3,1,1
66,4,400,1,3,287.07,278.4
66,4,400,2,3,14.13,14.2
66,4,400,3,3,1,1
66,8,400,1,3,296.17,303.72
66,8,400,2,3,4.39,4.16
66,8,400,3,3,1,1
66,12,400,1,3,305.26,312.15
66,12,400,2,3,1.28,1.06
66,12,400,3,3,1,1
66,18,400,1,3,318.9,331.68
66,18,400,2,3,0.2,0.2
66,18,400,3,3,1,1
66,24,400,1,3,332.54,323.68
66,24,400,2,3,0.03,0.03
66,24,400,3,3,1,1
67,0,100,1,1,120.34,110.2
67,0,100,2,1,0,0
67,0,100,3,1,1,1
67,4,100,1,1,124.74,131.35
67,4,100,2,1,6.39,7.14
67,4,100,3,1,1,1
67,12,100,1,1,133.54,130.95
67,12,100,2,1,1.31,1.6
67,12,100,3,1,1,1
67,24,100,1,1,146.75,146.08
67,24,100,2,1,0.11,0.11
67,24,100,3,1,1,1
68,0,50,1,1,104.25,97.45
68,0,50,2,1,0,0
68,0,50,3,1,0,0
68,4,50,1,1,109.69,110.48
68,4,50,2,1,2.49,2.71
68,4,50,3,1,1,1
68,12,50,1,1,120.56,129.02
68,12,50,2,1,0.61,0.65
68,12,50,3,1,1,1
68,24,50,1,1,136.87,130.39
68,24,50,2,1,0.06,0.05
68,24,50,3,1,1,1
68,0,100,1,2,153.18,161.85
68,0,100,2,2,0,0
68,0,100,3,2,1,1
68,4,100,1,2,159.04,148.88
68,4,100,2,2,4.74,4.96
68,4,100,3,2,1,1
68,8,100,1,2,164.89,158.5
68,8,100,2,2,2.28,2.27
68,8,100,3,2,0,0
68,12,100,1,2,170.75,164.37
68,12,100,2,2,1.01,0.93
68,12,100,3,2,1,1
68,24,100,1,2,188.31,177.16
68,24,100,2,2,0.09,0.09
68,24,100,3,2,1,1
69,0,50,1,1,102.8,102.04
69,0,50,2,1,0,0
69,0,50,3,1,1,1
69,4,50,1,1,111.23,118.08
69,4,50,2,1,2.14,2.57
69,4,50,3,1,1,1
69,12,50,1,1,128.09,113.21
69,12,50,2,1,0.42,0.36
69,12,50,3,1,0,0
69,24,50,1,1,153.37,161.35
69,24,50,2,1,0.03,0.03
69,24,50,3,1,1,1
69,0,100,1,2,178.65,194.12
69,0,100,2,2,0,0
69,0,100,3,2,1,1
69,4,100,1,2,186.47,172.17
69,4,100,2,2,4.51,4.38
69,4,100,3,2,1,1
69,8,100,1,2,194.28,205.82
69,8,100,2,2,2.31,2.43
69,8,100,3,2,1,1
69,12,100,1,2,202.09,219.1
69,12,100,2,2,1.03,0.95
69,12,100,3,2,1,1
69,24,100,1,2,225.53,228.06
69,24,100,2,2,0.08,0.09
69,24,100,3,2,1,1
69,0,200,1,3,248.97,250.72
69,0,200,2,3,0,0
69,0,200,3,3,1,1
69,1,200,1,3,250.65,252.6
69,1,200,2,3,7.29,8.39
69,1,200,3,3,1,1
69,2,200,1,3,252.33,251.55
69,2,200,2,3,9.93,10.4
69,2,200,3,3,1,1
69,4,200,1,3,255.69,259.62
69,4,200,2,3,9.66,9.25
69,4,200,3,3,1,1
69,6,200,1,3,259.04,264.61
69,6,200,2,3,7.48,8.14
69,6,200,3,3,1,1
69,12,200,1,3,269.11,284.15
69,12,200,2,3,2.67,2.72
69,12,200,3,3,1,1
69,24,200,1,3,289.24,286.15
69,24,200,2,3,0.3,0.32
69,24,200,3,3,1,1
70,0,100,1,1,127.39,129.67
70,0,100,2,1,0,0
70,0,100,3,1,1,1
70,4,100,1,1,133.12,144.04
70,4,100,2,1,4.31,4.19
70,4,100,3,1,0,0
70,12,100,1,1,144.58,134.49
70,12,100,2,1,0.67,0.62
70,12,100,3,1,0,0
70,24,100,1,1,161.76,174.54
70,24,100,2,1,0.04,0.05
70,24,100,3,1,1,1
71,0,50,1,1,129.7,137.33
71,0,50,2,1,0,0
71,0,50,3,1,1,1
71,4,50,1,1,139.34,138.69
71,4,50,2,1,1.54,1.7
71,4,50,3,1,1,1
71,12,50,1,1,158.63,157.37
71,12,50,2,1,0.11,0.12
71,12,50,3,1,1,1
71,24,50,1,1,187.57,191.85
71,24,50,2,1,0,0
71,24,50,3,1,1,1
71,0,100,1,2,216.5,210.61
71,0,100,2,2,0,0
71,0,100,3,2,1,1
71,2,100,1,2,221.24,211.73
71,2,100,2,2,5.19,5.73
71,2,100,3,2,1,1
71,4,100,1,2,225.97,209.64
71,4,100,2,2,3.09,2.68
71,4,100,3,2,1,1
71,8,100,1,2,235.44,247.34
71,8,100,2,2,0.85,0.91
71,8,100,3,2,1,1
71,12,100,1,2,244.91,253.76
71,12,100,2,2,0.23,0.22
71,12,100,3,2,1,1
71,18,100,1,2,259.11,250.09
71,18,100,2,2,0.03,0.03
71,18,100,3,2,1,1
71,24,100,1,2,273.32,266.42
71,24,100,2,2,0,0.01
71,24,100,3,2,1,1
71,0,200,1,3,301.72,307.25
71,0,200,2,3,0,0
71,0,200,3,3,1,1
71,2,200,1,3,306.97,327.41
71,2,200,2,3,10.64,9.69
71,2,200,3,3,1,1
71,4,200,1,3,312.22,333.23
71,4,200,2,3,6.56,6
71,4,200,3,3,1,1
71,8,200,1,3,322.72,331.13
71,8,200,2,3,1.95,1.85
71,8,200,3,3,1,1
71,12,200,1,3,333.22,326.4
71,12,200,2,3,0.57,0.59
71,12,200,3,3,1,1
71,18,200,1,3,348.97,350.67
71,18,200,2,3,0.09,0.09
71,18,200,3,3,1,1
71,24,200,1,3,364.72,355.92
71,24,200,2,3,0.01,0.02
71,24,200,3,3,1,1
72,0,50,1,1,121.69,113.46
72,0,50,2,1,0,0
72,0,50,3,1,1,1
72,4,50,1,1,129.86,143.34
72,4,50,2,1,2.11,2.07
72,4,50,3,1,1,1
72,12,50,1,1,146.19,147.61
72,12,50,2,1,0.2,0.19
72,12,50,3,1,1,1
72,24,50,1,1,170.69,174.71
72,24,50,2,1,0.01,0
72,24,50,3,1,1,1
72,0,100,1,2,195.19,181.55
72,0,100,2,2,0,0
72,0,100,3,2,1,1
72,1,100,1,2,197.24,206.73
72,1,100,2,2,5.2,4.97
72,1,100,3,2,0,0
72,4,100,1,2,203.4,209.24
72,4,100,2,2,4.03,4.74
72,4,100,3,2,0,0
72,6,100,1,2,207.51,203.58
72,6,100,2,2,2.28,2.75
72,6,100,3,2,1,1
72,12,100,1,2,219.82,212.73
72,12,100,2,2,0.34,0.31
72,12,100,3,2,1,1
72,18,100,1,2,232.14,235.61
72,18,100,2,2,0.05,0.05
72,18,100,3,2,1,1
72,24,100,1,2,244.46,233.92
72,24,100,2,2,0.01,0.01
72,24,100,3,2,1,1
72,0,200,1,3,269.09,259.49
72,0,200,2,3,0,0
72,0,200,3,3,1,1
72,4,200,1,3,279.31,288.69
72,4,200,2,3,6.51,6.84
72,4,200,3,3,1,1
72,12,200,1,3,299.75,312.4
72,12,200,2,3,0.3,0.32
72,12,200,3,3,1,1
72,18,200,1,3,315.08,317.75
72,18,200,2,3,0.03,0.03
72,18,200,3,3,1,1
72,24,200,1,3,330.41,319.34
72,24,200,2,3,0,0
72,24,200,3,3,1,1
73,0,50,1,1,73.56,71.14
73,0,50,2,1,0,0
73,0,50,3,1,0,0
73,4,50,1,1,82.22,89.53
73,4,50,2,1,2.32,2.22
73,4,50,3,1,1,1
73,12,50,1,1,99.53,110.27
73,12,50,2,1,0.45,0.42
73,12,50,3,1,1,1
73,24,50,1,1,125.5,116.87
73,24,50,2,1,0.03,0.03
73,24,50,3,1,1,1
73,0,100,1,2,151.48,144.33
73,0,100,2,2,0,0
73,0,100,3,2,0,0
73,4,100,1,2,160.19,166.72
73,4,100,2,2,4.66,4.76
73,4,100,3,2,1,1
73,12,100,1,2,177.62,190.49
73,12,100,2,2,0.91,1.02
73,12,100,3,2,1,1
73,18,100,1,2,190.69,201.33
73,18,100,2,2,0.25,0.25
73,18,100,3,2,1,1
73,24,100,1,2,203.76,205.89
73,24,100,2,2,0.07,0.07
73,24,100,3,2,1,1
73,0,200,1,3,229.9,233.84
73,0,200,2,3,0,0
73,0,200,3,3,1,1
73,2,200,1,3,235.11,242.26
73,2,200,2,3,11.2,12.67
73,2,200,3,3,1,1
73,4,200,1,3,240.32,251.09
73,4,200,2,3,9.57,10.44
73,4,200,3,3,1,1
73,12,200,1,3,261.16,238.28
73,12,200,2,3,2.02,1.77
73,12,200,3,3,1,1
73,24,200,1,3,292.41,281.61
73,24,200,2,3,0.17,0.19
73,24,200,3,3,1,1
74,0,100,1,1,88.65,94.85
74,0,100,2,1,0,0
74,0,100,3,1,0,0
74,4,100,1,1,97.51,101.21
74,4,100,2,1,3.52,3.79
74,4,100,3,1,1,1
74,12,100,1,1,115.23,114.92
74,12,100,2,1,0.49,0.4
74,12,100,3,1,0,0
74,24,100,1,1,141.81,143.5
74,24,100,2,1,0.02,0.02
74,24,100,3,1,1,1
75,0,50,1,1,78.24,52.34
75,0,50,2,1,0,0
75,0,50,3,1,0,0
75,4,50,1,1,88.18,66.57
75,4,50,2,1,1.82,1.96
75,4,50,3,1,1,1
75,12,50,1,1,108.05,92.46
75,12,50,2,1,0.51,0.48
75,12,50,3,1,1,1
75,24,50,1,1,137.86,133.75
75,24,50,2,1,0.07,0.06
75,24,50,3,1,0,0
75,0,100,1,2,167.67,146.39
75,0,100,2,2,0,0
75,0,100,3,2,1,1
75,4,100,1,2,177.58,187.11
75,4,100,2,2,3.83,3.77
75,4,100,3,2,1,1
75,8,100,1,2,187.49,199.63
75,8,100,2,2,2.21,2.06
75,8,100,3,2,1,1
75,12,100,1,2,197.4,200.35
75,12,100,2,2,1.23,1.21
75,12,100,3,2,1,1
75,18,100,1,2,212.27,206
75,18,100,2,2,0.51,0.53
75,18,100,3,2,1,1
75,24,100,1,2,227.13,204.43
75,24,100,2,2,0.21,0.2
75,24,100,3,2,1,1
75,0,200,1,3,256.86,260.06
75,0,200,2,3,0,0
75,0,200,3,3,1,1
75,4,200,1,3,264.43,253.09
75,4,200,2,3,8.25,7.71
75,4,200,3,3,0,0
75,6,200,1,3,268.21,291.95
75,6,200,2,3,6.67,6.95
75,6,200,3,3,1,1
75,8,200,1,3,271.99,279.97
75,8,200,2,3,5.25,5.82
75,8,200,3,3,1,1
75,12,200,1,3,279.55,278.18
75,12,200,2,3,3.23,3.12
75,12,200,3,3,0,0
75,24,200,1,3,302.24,304.82
75,24,200,2,3,0.75,0.83
75,24,200,3,3,0,0
76,0,50,1,1,91.75,104.3
76,0,50,2,1,0,0
76,0,50,3,1,1,1
76,4,50,1,1,99.16,90.2
76,4,50,2,1,2.74,2.8
76,4,50,3,1,1,1
76,12,50,1,1,113.97,108.3
76,12,50,2,1,0.64,0.67
76,12,50,3,1,1,1
76,24,50,1,1,136.2,122.84
76,24,50,2,1,0.07,0.07
76,24,50,3,1,1,1
76,0,100,1,2,158.42,153.57
76,0,100,2,2,0,0
76,0,100,3,2,1,1
76,2,100,1,2,162.19,173.68
76,2,100,2,2,6.45,5.54
76,2,100,3,2,1,1
76,4,100,1,2,165.96,152.6
76,4,100,2,2,5.17,5.44
76,4,100,3,2,0,0
76,12,100,1,2,181.03,162.36
76,12,100,2,2,1.04,1.05
76,12,100,3,2,1,1
76,24,100,1,2,203.65,212.5
76,24,100,2,2,0.09,0.09
76,24,100,3,2,1,1
76,0,200,1,3,226.26,218.48
76,0,200,2,3,0,0
76,0,200,3,3,1,1
76,2,200,1,3,230.39,207.28
76,2,200,2,3,12.41,12.65
76,2,200,3,3,1,1
76,4,200,1,3,234.53,227.22
76,4,200,2,3,9.44,10.12
76,4,200,3,3,1,1
76,6,200,1,3,238.66,240.79
76,6,200,2,3,6.11,5.96
76,6,200,3,3,1,1
76,8,200,1,3,242.8,242.61
76,8,200,2,3,3.84,4.45
76,8,200,3,3,1,1
76,12,200,1,3,251.07,252.21
76,12,200,2,3,1.49,1.6
76,12,200,3,3,1,1
76,24,200,1,3,275.89,272.33
76,24,200,2,3,0.09,0.07
76,24,200,3,3,1,1
77,0,100,1,1,87.1,98.95
77,0,100,2,1,0,0
77,0,100,3,1,1,1
77,4,100,1,1,95.15,95.3
77,4,100,2,1,4.23,4.39
77,4,100,3,1,1,1
77,12,100,1,1,111.27,116.78
77,12,100,2,1,0.51,0.5
77,12,100,3,1,0,0
77,24,100,1,1,135.44,136.66
77,24,100,2,1,0.02,0.02
77,24,100,3,1,1,1
77,0,200,1,2,159.61,154.39
77,0,200,2,2,0,0
77,0,200,3,2,1,1
77,4,200,1,2,166.15,141.77
77,4,200,2,2,9.29,9.42
77,4,200,3,2,0,0
77,6,200,1,2,169.42,164.03
77,6,200,2,2,5.97,6.62
77,6,200,3,2,0,0
77,12,200,1,2,179.22,180.52
77,12,200,2,2,1.44,1.24
77,12,200,3,2,1,1
77,24,200,1,2,198.83,206.08
77,24,200,2,2,0.08,0.1
77,24,200,3,2,1,1
77,0,400,1,3,218.45,229.43
77,0,400,2,3,0,0
77,0,400,3,3,1,1
77,4,400,1,3,226.28,223.29
77,4,400,2,3,18.25,17.08
77,4,400,3,3,1,1
77,6,400,1,3,230.2,231.05
77,6,400,2,3,11.59,11.48
77,6,400,3,3,1,1
77,12,400,1,3,241.96,237.52
77,12,400,2,3,2.71,2.66
77,12,400,3,3,1,1
77,24,400,1,3,265.47,259.52
77,24,400,2,3,0.15,0.15
77,24,400,3,3,1,1
78,0,50,1,1,104.72,120.57
78,0,50,2,1,0,0
78,0,50,3,1,0,0
78,4,50,1,1,116.38,122.71
78,4,50,2,1,1.3,1.39
78,4,50,3,1,0,0
78,12,50,1,1,139.69,140.75
78,12,50,2,1,0.05,0.05
78,12,50,3,1,1,1
78,24,50,1,1,174.67,188.97
78,24,50,2,1,0,0
78,24,50,3,1,1,1
78,0,100,1,2,209.64,200.63
78,0,100,2,2,0,0
78,0,100,3,2,1,1
78,4,100,1,2,218.79,225.26
78,4,100,2,2,3.43,3.01
78,4,100,3,2,1,1
78,6,100,1,2,223.36,220.92
78,6,100,2,2,1.92,1.68
78,6,100,3,2,1,1
78,12,100,1,2,237.08,227
78,12,100,2,2,0.28,0.36
78,12,100,3,2,1,1
78,24,100,1,2,264.52,264.55
78,24,100,2,2,0.01,0
78,24,100,3,2,1,1
78,0,200,1,3,291.96,274.93
78,0,200,2,3,0,0
78,0,200,3,3,1,1
78,4,200,1,3,301.81,284.21
78,4,200,2,3,6.71,6.85
78,4,200,3,3,1,1
78,6,200,1,3,306.74,311.41
78,6,200,2,3,3.7,3.5
78,6,200,3,3,1,1
78,8,200,1,3,311.66,301.28
78,8,200,2,3,1.95,2.13
78,8,200,3,3,1,1
78,12,200,1,3,321.52,303.01
78,12,200,2,3,0.52,0.52
78,12,200,3,3,1,1
78,24,200,1,3,351.08,366.27
78,24,200,2,3,0.01,0.01
78,24,200,3,3,1,1
78,36,200,1,3,380.64,376.16
78,36,200,2,3,0,0
78,36,200,3,3,1,1
79,0,100,1,1,76.06,80.82
79,0,100,2,1,0,0
79,0,100,3,1,1,1
79,4,100,1,1,87.31,74
79,4,100,2,1,2.27,2.39
79,4,100,3,1,1,1
79,12,100,1,1,109.8,119
79,12,100,2,1,0.06,0.05
79,12,100,3,1,0,0
79,24,100,1,1,143.54,131.74
79,24,100,2,1,0,0
79,24,100,3,1,1,1
80,0,100,1,1,108.93,100.92
80,0,100,2,1,0,0
80,0,100,3,1,1,1
80,4,100,1,1,112.02,134.55
80,4,100,2,1,5.86,5.79
80,4,100,3,1,1,1
80,12,100,1,1,118.21,110.79
80,12,100,2,1,2.78,3.06
80,12,100,3,1,1,1
80,24,100,1,1,127.49,140.76
80,24,100,2,1,0.88,0.94
80,24,100,3,1,1,1
81,0,50,1,1,82.12,80.71
81,0,50,2,1,0,0
81,0,50,3,1,1,1
81,4,50,1,1,89.06,86.16
81,4,50,2,1,2.61,2.47
81,4,50,3,1,1,1
81,12,50,1,1,102.93,115.42
81,12,50,2,1,0.71,0.74
81,12,50,3,1,1,1
81,24,50,1,1,123.75,116.41
81,24,50,2,1,0.1,0.11
81,24,50,3,1,0,0
81,0,100,1,2,144.56,136.22
81,0,100,2,2,0,0
81,0,100,3,2,1,1
81,1,100,1,2,146.28,163.46
81,1,100,2,2,5.51,5.39
81,1,100,3,2,0,0
81,4,100,1,2,151.43,166.9
81,4,100,2,2,5.2,5.23
81,4,100,3,2,1,1
81,12,100,1,2,165.16,166.83
81,12,100,2,2,1.41,1.31
81,12,100,3,2,1,1
81,24,100,1,2,185.77,172.31
81,24,100,2,2,0.19,0.19
81,24,100,3,2,1,1
81,36,100,1,2,206.37,215.32
81,36,100,2,2,0.03,0.03
81,36,100,3,2,1,1
81,0,200,1,3,206.37,219.47
81,0,200,2,3,0,0
81,0,200,3,3,0,0
81,4,200,1,3,212.98,203.21
81,4,200,2,3,10.32,10.93
81,4,200,3,3,1,1
81,12,200,1,3,226.21,235.05
81,12,200,2,3,2.75,2.58
81,12,200,3,3,1,1
81,18,200,1,3,236.13,218.37
81,18,200,2,3,1,1.03
81,18,200,3,3,1,1
81,24,200,1,3,246.05,257.48
81,24,200,2,3,0.37,0.43
81,24,200,3,3,0,0
82,0,100,1,1,87.77,86.02
82,0,100,2,1,0,0
82,0,100,3,1,1,1
82,4,100,1,1,91.05,81.97
82,4,100,2,1,4.8,4.9
82,4,100,3,1,1,1
82,12,100,1,1,97.61,85.81
82,12,100,2,1,1.41,1.41
82,12,100,3,1,1,1
82,24,100,1,1,107.45,105.17
82,24,100,2,1,0.22,0.2
82,24,100,3,1,1,1
83,0,50,1,1,94.74,98.41
83,0,50,2,1,0,0
83,0,50,3,1,1,1
83,4,50,1,1,98.64,103.61
83,4,50,2,1,2.57,2.46
83,4,50,3,1,1,1
83,12,50,1,1,106.43,112.13
83,12,50,2,1,1.1,1.29
83,12,50,3,1,1,1
83,24,50,1,1,118.13,131.91
83,24,50,2,1,0.26,0.24
83,24,50,3,1,0,0
83,0,100,1,2,129.83,130
83,0,100,2,2,0,0
83,0,100,3,2,1,1
83,4,100,1,2,133.17,124.52
83,4,100,2,2,5.2,5.23
83,4,100,3,2,1,1
83,6,100,1,2,134.84,128.12
83,6,100,2,2,4.45,4.79
83,6,100,3,2,1,1
83,12,100,1,2,139.84,145.61
83,12,100,2,2,2.31,2.21
83,12,100,3,2,1,1
83,24,100,1,2,149.86,152.73
83,24,100,2,2,0.59,0.62
83,24,100,3,2,1,1
83,36,100,1,2,159.87,162.58
83,36,100,2,2,0.15,0.15
83,36,100,3,2,0,0
84,0,100,1,1,58.53,62.17
84,0,100,2,1,0,0
84,0,100,3,1,1,1
84,4,100,1,1,65.56,55.19
84,4,100,2,1,4,4.37
84,4,100,3,1,1,1
84,12,100,1,1,79.62,86.03
84,12,100,2,1,0.96,0.9
84,12,100,3,1,1,1
84,24,100,1,1,100.72,123.28
84,24,100,2,1,0.11,0.1
84,24,100,3,1,1,1
85,0,50,1,1,125.66,133.75
85,0,50,2,1,0,0
85,0,50,3,1,1,1
85,4,50,1,1,133.51,136.86
85,4,50,2,1,1.84,1.91
85,4,50,3,1,1,1
85,12,50,1,1,149.21,154.67
85,12,50,2,1,0.3,0.37
85,12,50,3,1,0,0
85,24,50,1,1,172.77,194.57
85,24,50,2,1,0.02,0.02
85,24,50,3,1,1,1
86,0,100,1,1,102.11,115.76
86,0,100,2,1,0,0
86,0,100,3,1,1,1
86,4,100,1,1,114,117.62
86,4,100,2,1,3.88,3.27
86,4,100,3,1,1,1
86,12,100,1,1,137.77,160.34
86,12,100,2,1,0.39,0.33
86,12,100,3,1,1,1
86,24,100,1,1,173.43,168.82
86,24,100,2,1,0.01,0.01
86,24,100,3,1,1,1
86,0,200,1,2,209.09,206.72
86,0,200,2,2,0,0
86,0,200,3,2,1,1
86,2,200,1,2,215.34,213.22
86,2,200,2,2,10.37,9.5
86,2,200,3,2,1,1
86,4,200,1,2,221.59,224.06
86,4,200,2,2,7.52,9.14
86,4,200,3,2,1,1
86,6,200,1,2,227.84,220.29
86,6,200,2,2,4.38,5.09
86,6,200,3,2,1,1
86,12,200,1,2,246.59,241.62
86,12,200,2,2,0.69,0.67
86,12,200,3,2,1,1
86,18,200,1,2,265.34,257.65
86,18,200,2,2,0.1,0.1
86,18,200,3,2,0,0
86,24,200,1,2,284.09,287.72
86,24,200,2,2,0.02,0.02
86,24,200,3,2,1,1
86,36,200,1,2,321.59,327.14
86,36,200,2,2,0,0
86,36,200,3,2,1,1
86,0,400,1,3,321.59,332.14
86,0,400,2,3,0,0
86,0,400,3,3,1,1
86,1,400,1,3,324.03,310.78
86,1,400,2,3,18.18,16.76
86,1,400,3,3,1,1
86,4,400,1,3,331.34,341.8
86,4,400,2,3,16.86,17.87
86,4,400,3,3,1,1
86,12,400,1,3,350.84,339.59
86,12,400,2,3,2.13,1.98
86,12,400,3,3,1,1
86,24,400,1,3,380.1,363.65
86,24,400,2,3,0.08,0.08
86,24,400,3,3,1,1
87,0,50,1,1,78.36,61.97
87,0,50,2,1,0,0
87,0,50,3,1,1,1
87,4,50,1,1,84.57,79.53
87,4,50,2,1,2.79,2.53
87,4,50,3,1,1,1
87,12,50,1,1,96.99,112.21
87,12,50,2,1,1.3,1.35
87,12,50,3,1,1,1
87,24,50,1,1,115.61,125.25
87,24,50,2,1,0.37,0.33
87,24,50,3,1,1,1
87,0,100,1,2,134.24,127.47
87,0,100,2,2,0,0
87,0,100,3,2,1,1
87,4,100,1,2,140.24,130.68
87,4,100,2,2,5.5,4.77
87,4,100,3,2,0,0
87,8,100,1,2,146.24,150.01
87,8,100,2,2,3.81,3.14
87,8,100,3,2,1,1
87,12,100,1,2,152.24,163.22
87,12,100,2,2,2.47,2.73
87,12,100,3,2,0,0
87,18,100,1,2,161.25,176.25
87,18,100,2,2,1.29,1.45
87,18,100,3,2,1,1
87,24,100,1,2,170.25,165.01
87,24,100,2,2,0.67,0.6
87,24,100,3,2,1,1
87,36,100,1,2,188.25,192.11
87,36,100,2,2,0.18,0.17
87,36,100,3,2,1,1
87,0,200,1,3,188.25,180.19
87,0,200,2,3,0,0
87,0,200,3,3,1,1
87,1,200,1,3,189.75,181.14
87,1,200,2,3,7.97,8.83
87,1,200,3,3,1,1
87,4,200,1,3,194.23,179.36
87,4,200,2,3,11.35,11.94
87,4,200,3,3,1,1
87,6,200,1,3,197.23,208.32
87,6,200,2,3,9.83,9.84
87,6,200,3,3,1,1
87,12,200,1,3,206.21,207.11
87,12,200,2,3,5.56,5.8
87,12,200,3,3,1,1
87,24,200,1,3,224.17,230.94
87,24,200,2,3,1.71,1.51
87,24,200,3,3,1,1
88,0,100,1,1,104.97,111.32
88,0,100,2,1,0,0
88,0,100,3,1,1,1
88,4,100,1,1,112.32,104.84
88,4,100,2,1,4.28,4.65
88,4,100,3,1,1,1
88,12,100,1,1,127.03,109.3
88,12,100,2,1,0.44,0.5
88,12,100,3,1,1,1
88,24,100,1,1,149.1,132.89
88,24,100,2,1,0.01,0.01
88,24,100,3,1,1,1
88,0,200,1,2,171.17,172.22
88,0,200,2,2,0,0
88,0,200,3,2,1,1
88,1,200,1,2,173.23,182.15
88,1,200,2,2,10.67,11.49
88,1,200,3,2,0,0
88,4,200,1,2,179.44,165.58
88,4,200,2,2,8.78,9.86
88,4,200,3,2,1,1
88,6,200,1,2,183.57,182.14
88,6,200,2,2,5.25,5.58
88,6,200,3,2,0,0
88,8,200,1,2,187.71,168.57
88,8,200,2,2,3.02,2.87
88,8,200,3,2,1,1
88,12,200,1,2,195.98,193.86
88,12,200,2,2,0.97,1.16
88,12,200,3,2,1,1
88,18,200,1,2,208.39,196.28
88,18,200,2,2,0.18,0.17
88,18,200,3,2,1,1
88,24,200,1,2,220.79,223.95
88,24,200,2,2,0.03,0.03
88,24,200,3,2,1,1
88,0,400,1,3,245.61,255.02
88,0,400,2,3,0,0
88,0,400,3,3,1,1
88,1,400,1,3,247.54,243.28
88,1,400,2,3,21.67,21.16
88,1,400,3,3,0,0
88,4,400,1,3,253.35,256.06
88,4,400,2,3,18.91,18.27
88,4,400,3,3,1,1
88,6,400,1,3,257.22,246.87
88,6,400,2,3,11.88,13.04
88,6,400,3,3,1,1
88,8,400,1,3,261.09,269.48
88,8,400,2,3,7.19,7.5
88,8,400,3,3,1,1
88,12,400,1,3,268.83,278.7
88,12,400,2,3,2.58,2.4
88,12,400,3,3,1,1
88,18,400,1,3,280.45,293.6
88,18,400,2,3,0.55,0.53
88,18,400,3,3,1,1
88,24,400,1,3,292.06,299.08
88,24,400,2,3,0.12,0.13
88,24,400,3,3,1,1
89,0,50,1,1,80.03,76.17
89,0,50,2,1,0,0
89,0,50,3,1,1,1
89,4,50,1,1,86.68,99.38
89,4,50,2,1,2.52,2.96
89,4,50,3,1,1,1
89,12,50,1,1,99.99,104.92
89,12,50,2,1,0.9,0.81
89,12,50,3,1,1,1
89,24,50,1,1,119.95,109
89,24,50,2,1,0.19,0.18
89,24,50,3,1,1,1
89,0,100,1,2,139.91,144
89,0,100,2,2,0,0
89,0,100,3,2,1,1
89,1,100,1,2,141.68,134.67
89,1,100,2,2,4.59,4.82
89,1,100,3,2,1,1
89,4,100,1,2,146.97,132.42
89,4,100,2,2,4.83,5.46
89,4,100,3,2,0,0
89,12,100,1,2,161.08,164.09
89,12,100,2,2,1.55,1.48
89,12,100,3,2,1,1
89,24,100,1,2,182.25,176.07
89,24,100,2,2,0.27,0.3
89,24,100,3,2,1,1
89,36,100,1,2,203.41,225.6
89,36,100,2,2,0.05,0.05
89,36,100,3,2,1,1
89,0,200,1,3,203.41,193.65
89,0,200,2,3,0,0
89,0,200,3,3,0,0
89,1,200,1,3,204.89,192.93
89,1,200,2,3,9.27,9.89
89,1,200,3,3,1,1
89,4,200,1,3,209.32,204.85
89,4,200,2,3,10.22,10.88
89,4,200,3,3,1,1
89,12,200,1,3,221.13,220.3
89,12,200,2,3,3.8,4.72
89,12,200,3,3,0,0
89,24,200,1,3,238.85,239.48
89,24,200,2,3,0.83,0.72
89,24,200,3,3,1,1
90,0,100,1,1,103.42,114.9
90,0,100,2,1,0,0
90,0,100,3,1,1,1
90,4,100,1,1,112.05,111.66
90,4,100,2,1,4.55,4.18
90,4,100,3,1,1,1
90,12,100,1,1,129.33,149.35
90,12,100,2,1,1.4,1.39
90,12,100,3,1,0,0
90,24,100,1,1,155.24,150.4
90,24,100,2,1,0.22,0.19
90,24,100,3,1,1,1
90,0,200,1,2,181.15,170.22
90,0,200,2,2,0,0
90,0,200,3,2,1,1
90,1,200,1,2,183.02,183.31
90,1,200,2,2,8.26,7.46
90,1,200,3,2,1,1
90,4,200,1,2,188.66,194.22
90,4,200,2,2,9.51,11.81
90,4,200,3,2,0,0
90,12,200,1,2,203.69,189.43
90,12,200,2,2,3.29,2.87
90,12,200,3,2,0,0
90,18,200,1,2,214.96,225.66
90,18,200,2,2,1.44,1.37
90,18,200,3,2,1,1
90,24,200,1,2,226.23,229.5
90,24,200,2,2,0.63,0.69
90,24,200,3,2,1,1
91,0,100,1,1,99.03,100.62
91,0,100,2,1,0,0
91,0,100,3,1,0,0
91,4,100,1,1,110.2,113.16
91,4,100,2,1,4.02,3.79
91,4,100,3,1,1,1
91,12,100,1,1,132.55,129.51
91,12,100,2,1,0.33,0.32
91,12,100,3,1,1,1
91,24,100,1,1,166.06,161.47
91,24,100,2,1,0.01,0.01
91,24,100,3,1,0,0
91,0,200,1,2,199.57,202.13
91,0,200,2,2,0,0
91,0,200,3,2,1,1
91,1,200,1,2,202,201.19
91,1,200,2,2,9.61,7.03
91,1,200,3,2,1,1
91,4,200,1,2,209.31,219.02
91,4,200,2,2,8.66,8.76
91,4,200,3,2,1,1
91,12,200,1,2,228.79,224.69
91,12,200,2,2,0.89,0.81
91,12,200,3,2,1,1
91,18,200,1,2,243.4,255.06
91,18,200,2,2,0.14,0.17
91,18,200,3,2,1,1
91,24,200,1,2,258.01,252.34
91,24,200,2,2,0.02,0.02
91,24,200,3,2,1,1
91,0,400,1,3,287.23,307.56
91,0,400,2,3,0,0
91,0,400,3,3,1,1
91,4,400,1,3,296.63,300.01
91,4,400,2,3,16.51,18.57
91,4,400,3,3,0,0
91,8,400,1,3,306.04,316.02
91,8,400,2,3,5.27,5.52
91,8,400,3,3,1,1
91,12,400,1,3,315.45,317.7
91,12,400,2,3,1.48,1.68
91,12,400,3,3,1,1
91,18,400,1,3,329.56,317.48
91,18,400,2,3,0.21,0.23
91,18,400,3,3,1,1
91,24,400,1,3,343.67,341.71
91,24,400,2,3,0.03,0.03
91,24,400,3,3,1,1
92,0,50,1,1,102.14,109.61
92,0,50,2,1,0,0
92,0,50,3,1,0,0
92,4,50,1,1,112.62,134.36
92,4,50,2,1,2.51,2.14
92,4,50,3,1,1,1
92,12,50,1,1,133.59,147.33
92,12,50,2,1,0.56,0.48
92,12,50,3,1,0,0
92,24,50,1,1,165.04,164.04
92,24,50,2,1,0.06,0.06
92,24,50,3,1,1,1
92,0,100,1,2,196.48,189.54
92,0,100,2,2,0,0
92,0,100,3,2,0,0
92,4,100,1,2,206.12,217.77
92,4,100,2,2,5.26,5.03
92,4,100,3,2,0,0
92,6,100,1,2,210.94,223.11
92,6,100,2,2,3.75,3.22
92,6,100,3,2,1,1
92,12,100,1,2,225.39,240.53
92,12,100,2,2,1.31,1.02
92,12,100,3,2,1,1
92,24,100,1,2,254.29,260.94
92,24,100,2,2,0.16,0.2
92,24,100,3,2,0,0
92,0,200,1,3,283.19,276.59
92,0,200,2,3,0,0
92,0,200,3,3,1,1
92,4,200,1,3,291.56,289.56
92,4,200,2,3,10.9,13.21
92,4,200,3,3,1,1
92,8,200,1,3,299.92,296.72
92,8,200,2,3,5.74,6.01
92,8,200,3,3,1,1
92,12,200,1,3,308.29,307.88
92,12,200,2,3,2.98,2.57
92,12,200,3,3,1,1
92,18,200,1,3,320.83,330.41
92,18,200,2,3,1.12,0.94
92,18,200,3,3,1,1
92,24,200,1,3,333.38,331.85
92,24,200,2,3,0.42,0.45
92,24,200,3,3,1,1
93,0,50,1,1,121.75,139.37
93,0,50,2,1,0,0
93,0,50,3,1,1,1
93,4,50,1,1,127.96,133.72
93,4,50,2,1,2.17,2.29
93,4,50,3,1,0,0
93,12,50,1,1,140.4,140.08
93,12,50,2,1,0.62,0.75
93,12,50,3,1,0,0
93,24,50,1,1,159.06,174.45
93,24,50,2,1,0.09,0.1
93,24,50,3,1,1,1
93,0,100,1,2,177.72,184.86
93,0,100,2,2,0,0
93,0,100,3,2,1,1
93,4,100,1,2,182.01,175.24
93,4,100,2,2,4.41,3.71
93,4,100,3,2,1,1
93,8,100,1,2,186.29,197.65
93,8,100,2,2,2.44,2.08
93,8,100,3,2,1,1
93,12,100,1,2,190.58,195.69
93,12,100,2,2,1.32,1.42
93,12,100,3,2,1,1
93,18,100,1,2,197.01,190.53
93,18,100,2,2,0.52,0.53
93,18,100,3,2,0,0
93,24,100,1,2,203.45,204.57
93,24,100,2,2,0.21,0.18
93,24,100,3,2,1,1
93,0,200,1,3,216.31,231.01
93,0,200,2,3,0,0
93,0,200,3,3,1,1
93,4,200,1,3,221.49,223.85
93,4,200,2,3,8.84,8.16
93,4,200,3,3,0,0
93,6,200,1,3,224.09,234.84
93,6,200,2,3,6.65,5.04
93,6,200,3,3,0,0
93,8,200,1,3,226.68,241.9
93,8,200,2,3,4.91,4.67
93,8,200,3,3,1,1
93,12,200,1,3,231.87,217.33
93,12,200,2,3,2.66,2.37
93,12,200,3,3,1,1
93,18,200,1,3,239.64,232.98
93,18,200,2,3,1.06,1.12
93,18,200,3,3,1,1
93,24,200,1,3,247.42,249.78
93,24,200,2,3,0.42,0.4
93,24,200,3,3,1,1
93,36,200,1,3,262.98,257.42
93,36,200,2,3,0.07,0.06
93,36,200,3,3,1,1
94,0,100,1,1,122.7,145.16
94,0,100,2,1,0,0
94,0,100,3,1,1,1
94,4,100,1,1,131.63,130.06
94,4,100,2,1,4.33,3.81
94,4,100,3,1,1,1
94,12,100,1,1,149.49,149.01
94,12,100,2,1,1.15,0.87
94,12,100,3,1,0,0
94,24,100,1,1,176.27,169.65
94,24,100,2,1,0.15,0.15
94,24,100,3,1,1,1
95,0,50,1,1,101.92,106.99
95,0,50,2,1,0,0
95,0,50,3,1,1,1
95,4,50,1,1,111.57,106.62
95,4,50,2,1,1.93,1.88
95,4,50,3,1,0,0
95,12,50,1,1,130.86,132.02
95,12,50,2,1,0.39,0.43
95,12,50,3,1,1,1
95,24,50,1,1,159.81,147.63
95,24,50,2,1,0.03,0.03
95,24,50,3,1,1,1
95,0,100,1,2,188.75,189.73
95,0,100,2,2,0,0
95,0,100,3,2,1,1
95,4,100,1,2,196.99,200.65
95,4,100,2,2,4.28,4.06
95,4,100,3,2,0,0
95,8,100,1,2,205.23,220.35
95,8,100,2,2,2.2,2.27
95,8,100,3,2,0,0
95,12,100,1,2,213.47,227.55
95,12,100,2,2,1.12,1.09
95,12,100,3,2,0,0
95,24,100,1,2,238.19,240.3
95,24,100,2,2,0.15,0.13
95,24,100,3,2,1,1
96,0,100,1,1,100.35,106.38
96,0,100,2,1,0,0
96,0,100,3,1,1,1
96,4,100,1,1,108.59,122.29
96,4,100,2,1,3.1,2.56
96,4,100,3,1,1,1
96,12,100,1,1,125.08,116.86
96,12,100,2,1,1.31,1.35
96,12,100,3,1,1,1
96,24,100,1,1,149.8,151.82
96,24,100,2,1,0.35,0.39
96,24,100,3,1,0,0
96,0,200,1,2,174.53,187.19
96,0,200,2,2,0,0
96,0,200,3,2,1,1
96,2,200,1,2,179.97,183.48
96,2,200,2,2,6.71,6.75
96,2,200,3,2,1,1
96,4,200,1,2,185.41,195.77
96,4,200,2,2,5.75,5.68
96,4,200,3,2,0,0
96,12,200,1,2,207.16,199.15
96,12,200,2,2,2.01,2.36
96,12,200,3,2,1,1
96,24,200,1,2,239.8,237.07
96,24,200,2,2,0.41,0.51
96,24,200,3,2,1,1
97,0,50,1,1,86.84,87.67
97,0,50,2,1,0,0
97,0,50,3,1,0,0
97,4,50,1,1,94.31,105.79
97,4,50,2,1,2.15,1.98
97,4,50,3,1,1,1
97,12,50,1,1,109.27,123.69
97,12,50,2,1,0.28,0.25
97,12,50,3,1,1,1
97,24,50,1,1,131.7,110.27
97,24,50,2,1,0.01,0.01
97,24,50,3,1,1,1
97,0,100,1,2,154.13,167.48
97,0,100,2,2,0,0
97,0,100,3,2,1,1
97,4,100,1,2,161.8,167.11
97,4,100,2,2,4.64,4.05
97,4,100,3,2,1,1
97,6,100,1,2,165.64,172.01
97,6,100,2,2,2.94,3.03
97,6,100,3,2,1,1
97,8,100,1,2,169.47,178.96
97,8,100,2,2,1.84,2.01
97,8,100,3,2,1,1
97,12,100,1,2,177.14,185.08
97,12,100,2,2,0.72,0.64
97,12,100,3,2,1,1
97,18,100,1,2,188.65,197.07
97,18,100,2,2,0.18,0.18
97,18,100,3,2,1,1
97,24,100,1,2,200.15,194.46
97,24,100,2,2,0.04,0.04
97,24,100,3,2,1,1
97,36,100,1,2,223.16,213.36
97,36,100,2,2,0,0
97,36,100,3,2,0,0
97,0,200,1,3,223.16,242
97,0,200,2,3,0,0
97,0,200,3,3,0,0
97,1,200,1,3,224.89,227.74
97,1,200,2,3,12.18,11.32
97,1,200,3,3,0,0
97,4,200,1,3,230.11,240.5
97,4,200,2,3,7.98,6.32
97,4,200,3,3,1,1
97,8,200,1,3,237.05,236.33
97,8,200,2,3,2.62,2.81
97,8,200,3,3,1,1
97,12,200,1,3,244,227.16
97,12,200,2,3,0.85,0.91
97,12,200,3,3,1,1
97,18,200,1,3,254.43,260.03
97,18,200,2,3,0.16,0.18
97,18,200,3,3,1,1
97,24,200,1,3,264.85,254.27
97,24,200,2,3,0.03,0.03
97,24,200,3,3,1,1
97,36,200,1,3,285.69,269.67
97,36,200,2,3,0,0
97,36,200,3,3,1,1
98,0,100,1,1,69.23,59.47
98,0,100,2,1,0,0
98,0,100,3,1,0,0
98,4,100,1,1,77.77,67.39
98,4,100,2,1,6.15,5.82
98,4,100,3,1,0,0
98,12,100,1,1,94.87,100.49
98,12,100,2,1,1.49,1.52
98,12,100,3,1,1,1
98,24,100,1,1,120.51,112.77
98,24,100,2,1,0.16,0.17
98,24,100,3,1,1,1
99,0,100,1,1,94.27,86.64
99,0,100,2,1,0,0
99,0,100,3,1,0,0
99,4,100,1,1,105.53,97.36
99,4,100,2,1,4.43,3.82
99,4,100,3,1,1,1
99,12,100,1,1,128.04,129.45
99,12,100,2,1,0.52,0.54
99,12,100,3,1,1,1
99,24,100,1,1,161.81,149.84
99,24,100,2,1,0.02,0.02
99,24,100,3,1,0,0
99,0,200,1,2,195.58,191.6
99,0,200,2,2,0,0
99,0,200,3,2,1,1
99,4,200,1,2,209.64,202.13
99,4,200,2,2,7.24,8.44
99,4,200,3,2,1,1
99,12,200,1,2,237.77,247.35
99,12,200,2,2,0.5,0.57
99,12,200,3,2,1,1
99,18,200,1,2,258.86,262.75
99,18,200,2,2,0.07,0.06
99,18,200,3,2,1,1
99,24,200,1,2,279.95,281.27
99,24,200,2,2,0.01,0.01
99,24,200,3,2,1,1
99,0,400,1,3,322.14,316.68
99,0,400,2,3,0,0
99,0,400,3,3,1,1
99,1,400,1,3,325.93,345.24
99,1,400,2,3,23.28,25.62
99,1,400,3,3,1,1
99,4,400,1,3,337.29,341.41
99,4,400,2,3,13.04,16.06
99,4,400,3,3,1,1
99,6,400,1,3,344.87,352.89
99,6,400,2,3,6.36,7.1
99,6,400,3,3,1,1
99,8,400,1,3,352.45,341.23
99,8,400,2,3,3.02,3.18
99,8,400,3,3,1,1
99,12,400,1,3,367.61,349.23
99,12,400,2,3,0.68,0.74
99,12,400,3,3,1,1
99,24,400,1,3,413.09,400.57
99,24,400,2,3,0.01,0.01
99,24,400,3,3,1,1
99,36,400,1,3,458.56,445.3
99,36,400,2,3,0,0
99,36,400,3,3,1,1
100,0,50,1,1,62.23,80.8
100,0,50,2,1,0,0
100,0,50,3,1,1,1
100,4,50,1,1,72.41,75.08
100,4,50,2,1,1.77,1.9
100,4,50,3,1,1,1
100,12,50,1,1,92.77,94.96
100,12,50,2,1,0.54,0.58
100,12,50,3,1,1,1
100,24,50,1,1,123.31,129.31
100,24,50,2,1,0.08,0.09
100,24,50,3,1,1,1
100,0,100,1,2,153.85,157.67
100,0,100,2,2,0,0
100,0,100,3,2,1,1
100,4,100,1,2,164.97,159.06
100,4,100,2,2,3.39,3.65
100,4,100,3,2,1,1
100,8,100,1,2,176.09,191.5
100,8,100,2,2,1.85,1.74
100,8,100,3,2,1,1
100,12,100,1,2,187.21,181.79
100,12,100,2,2,0.93,0.72
100,12,100,3,2,0,0
100,24,100,1,2,220.56,227.02
100,24,100,2,2,0.11,0.12
100,24,100,3,2,1,1
100,0,200,1,3,253.92,246.77
100,0,200,2,3,0,0
100,0,200,3,3,1,1
100,4,200,1,3,264.09,279.23
100,4,200,2,3,7.38,7.3
100,4,200,3,3,1,1
100,8,200,1,3,274.25,282.57
100,8,200,2,3,4.51,4.11
100,8,200,3,3,0,0
100,12,200,1,3,284.42,277.44
100,12,200,2,3,2.55,2.74
100,12,200,3,3,1,1
100,24,200,1,3,314.92,312.68
100,24,200,2,3,0.45,0.42
100,24,200,3,3,1,1
