id,tim,occ,dose,ypred,ysim,sex,wt,crcl,comed
1,0.25,1,4,1.74439335906457,1.51487244654966,1,58,110,0
1,1.5,1,4,5.7290602338632,5.81593517985467,1,58,110,0
1,3.35,1,4,6.04855630506183,6.07559442171756,1,58,110,0
1,12,1,4,2.2294595359624,2.7032541686464,1,58,110,0
1,24,1,4,0.508180586196772,0.655903498290467,1,58,110,0
2,0.25,1,4,3.58379863423352,3.61539444431226,1,63,91,1
2,1.5,1,4,9.42006807022485,10.4944774839032,1,63,91,1
2,3.35,1,4,8.4949908200968,8.18804337405647,1,63,91,1
2,12,1,4,2.7254539690541,2.8645011860975,1,63,91,1
2,24,1,4,0.552645168622235,0.664863366732276,1,63,91,1
2,0.25,2,4,3.58086718506157,3.8349459351231,1,63,86.72,0
2,1.5,2,4,9.36302307736685,8.97750050716106,1,63,86.72,0
2,3.35,2,4,8.35788970238001,8.80396872316583,1,63,86.72,0
2,12,2,4,2.54186372769796,2.67375786285359,1,63,86.72,0
2,24,2,4,0.478383298459486,0.283095375439394,1,63,86.72,0
3,0.25,1,4,0.930854455453134,1.06793517916834,0,91,90,0
3,1.5,1,4,2.83446404930798,3.12268634801184,0,91,90,0
3,3.35,1,4,2.99825859618789,2.9698017995655,0,91,90,0
3,12,1,4,1.73626018791489,1.84728193510266,0,91,90,0
3,24,1,4,0.788896688478411,0.65124944228625,0,91,90,0
4,0.25,1,4,2.87426199423655,2.74922535625055,1,62,103,0
4,1.5,1,4,9.32550072446269,8.78047768412823,1,62,103,0
4,3.35,1,4,9.76548051402808,11.5469616364267,1,62,103,0
4,12,1,4,3.63724025013715,3.85321227962431,1,62,103,0
4,24,1,4,0.849149956290922,0.665447546705603,1,62,103,0
4,0.25,2,4,2.86900574509372,2.91502565005676,1,62,97.37,0
4,1.5,2,4,9.20711465624676,10.9656945420166,1,62,97.37,0
4,3.35,2,4,9.44328581870763,10.3820591707601,1,62,97.37,0
4,12,2,4,3.12154800184888,2.92262259020138,1,62,97.37,0
4,24,2,4,0.614951031020914,0.669038920962035,1,62,97.37,0
5,0.25,1,4,1.61447338121551,1.27161636748213,0,88,125,0
5,1.5,1,4,3.61590146416208,3.24911074021508,0,88,125,0
5,3.35,1,4,3.20123832830677,3.28484630864796,0,88,125,0
5,12,1,4,1.35234601376893,1.32640993444454,0,88,125,0
5,24,1,4,0.408010273625565,0.409927195833227,0,88,125,0
6,0.25,1,4,4.00307907349322,4.26662291720866,1,38,112,0
6,1.5,1,4,12.0524907672293,13.3814750257624,1,38,112,0
6,3.35,1,4,11.5419114888892,12.7856994167708,1,38,112,0
6,12,1,4,3.11765893286832,2.78324364605279,1,38,112,0
6,24,1,4,0.473946772991156,0.538443315032504,1,38,112,0
6,0.25,2,4,4.01171835142751,4.24601610308682,1,38,105.49,0
6,1.5,2,4,12.2374187215901,13.5017404846114,1,38,105.49,0
6,3.35,2,4,12.0157064241156,13.206510151285,1,38,105.49,0
6,12,2,4,3.73708236977307,4.3160794705311,1,38,105.49,0
6,24,2,4,0.693445737560837,0.818110749739195,1,38,105.49,0
7,0.25,1,4,2.67324434263918,2.66569590548133,0,70,125,0
7,1.5,1,4,5.71923945926156,3.5012578363584,0,70,125,0
7,3.35,1,4,5.08331391059948,5.33439515629012,0,70,125,0
7,12,1,4,2.3474498149465,2.00083907232537,0,70,125,0
7,24,1,4,0.802458936085031,0.638323988133874,0,70,125,0
7,0.25,2,4,2.66326198571377,2.50696917761591,0,70,119.51,1
7,1.5,2,4,5.55105961599289,5.66277981206718,0,70,119.51,1
7,3.35,2,4,4.69749272050534,5.00513023070506,0,70,119.51,1
7,12,2,4,1.708481652571,1.80067289588283,0,70,119.51,1
7,24,2,4,0.419279273815419,0.408114256831275,0,70,119.51,1
8,0.25,1,4,1.77608241411581,1.84231807044124,0,73,96,0
8,1.5,1,4,4.46979650234494,4.822346439151,0,73,96,0
8,3.35,1,4,4.30091643366827,4.81683960601867,0,73,96,0
8,12,1,4,2.38919645007474,2.71420395392993,0,73,96,0
8,24,1,4,1.05046722576865,1.22966405286881,0,73,96,0
8,0.25,2,4,1.77012973676376,1.60203992138299,0,73,90.24,1
8,1.5,2,4,4.35588511373692,4.03001577518465,0,73,90.24,1
8,3.35,2,4,4.01397155379425,4.05414158314215,0,73,90.24,1
8,12,2,4,1.79410020054852,1.80239230713054,0,73,90.24,1
8,24,2,4,0.583116701102861,0.400033622545922,0,73,90.24,1
9,0.25,1,4,3.22552978924628,3.48869036087543,1,65,107,0
9,1.5,1,4,7.51129078928265,7.16459975267496,1,65,107,0
9,3.35,1,4,6.46460698253454,6.55714199162789,1,65,107,0
9,12,1,4,2.14228186338191,2.24420762024219,1,65,107,0
9,24,1,4,0.460082820090924,0.534777835805499,1,65,107,0
10,0.25,1,4,4.01257925565259,3.26298652867978,1,71,110,1
10,1.5,1,4,9.94874033056977,8.63937675157198,1,71,110,1
10,3.35,1,4,8.69740875921793,9.31768401206933,1,71,110,1
10,12,1,4,2.71920666340208,2.55688328480394,1,71,110,1
10,24,1,4,0.53570286407145,0.448150231127432,1,71,110,1
11,0.25,1,4,4.17171101274928,4.34976746030593,1,64,95,1
11,1.5,1,4,12.403088064772,9.69664558907635,1,64,95,1
11,3.35,1,4,12.2919011275665,10.4833850204078,1,64,95,1
11,12,1,4,4.77210784247193,4.53533235619806,1,64,95,1
11,24,1,4,1.23305316132312,1.41138392339669,1,64,95,1
11,0.25,2,4,4.16596305302776,3.94560134591542,1,64,87.8,1
11,1.5,2,4,12.2805473938952,11.11448314701,1,64,87.8,1
11,3.35,2,4,11.9712450068121,11.7678926823147,1,64,87.8,1
11,12,2,4,4.24617923256525,3.80773870271405,1,64,87.8,1
11,24,2,4,0.966489367341109,0.865277171958807,1,64,87.8,1
11,0.25,3,4,4.16999762971631,4.21672183263267,1,64,84.45,0
11,1.5,3,4,12.3664322033771,11.8358451654161,1,64,84.45,0
11,3.35,3,4,12.1954119895937,12.3555190736742,1,64,84.45,0
11,12,3,4,4.60891537752398,4.82911947352853,1,64,84.45,0
11,24,3,4,1.1467381206741,0.996504253963447,1,64,84.45,0
12,0.25,1,4,2.63008342396498,3.09433529450366,0,63,110,1
12,1.5,1,4,7.02282531154585,6.47692613528881,0,63,110,1
12,3.35,1,4,6.58431527938414,5.9410449753528,0,63,110,1
12,12,1,4,2.62695762747816,2.32028942227571,0,63,110,1
12,24,1,4,0.722445850605723,0.885112308743001,0,63,110,1
12,0.25,2,4,2.63653827947378,2.45298357494656,0,63,102.77,1
12,1.5,2,4,7.15259251419554,8.08825646889529,0,63,102.77,1
12,3.35,2,4,6.91543226713594,6.90488966770764,0,63,102.77,1
12,12,2,4,3.23768689001142,3.29016388289936,0,63,102.77,1
12,24,2,4,1.11273837900658,1.37875870139628,0,63,102.77,1
12,0.25,3,4,2.63266599540474,2.58424646309575,0,63,98.43,1
12,1.5,3,4,7.07446390796645,8.71306979699716,0,63,98.43,1
12,3.35,3,4,6.71485448738123,8.12295236326545,0,63,98.43,1
12,12,3,4,2.85626990236384,2.85556182366646,0,63,98.43,1
12,24,3,4,0.858855820589596,0.854528949147086,0,63,98.43,1
13,0.25,1,4,2.00354904249105,2.07281807723347,0,79,89,0
13,1.5,1,4,5.98731421538096,6.21573165161106,0,79,89,0
13,3.35,1,4,5.96298999604438,6.13481370064317,0,79,89,0
13,12,1,4,2.34797679937021,2.22513003642906,0,79,89,0
13,24,1,4,0.618079220928309,0.435519217954415,0,79,89,0
14,0.25,1,4,1.97157131247739,1.96742682919058,0,79,117,0
14,1.5,1,4,5.00713349914392,4.39024075202798,0,79,117,0
14,3.35,1,4,4.54599683240668,4.24753753702717,0,79,117,0
14,12,1,4,1.70350273864273,1.72167183839954,0,79,117,0
14,24,1,4,0.431564034488839,0.306983668391915,0,79,117,0
15,0.25,1,4,0.730282907146073,0.743465279806792,0,63,95,1
15,1.5,1,4,3.03773870874763,3.3380026289551,0,63,95,1
15,3.35,1,4,4.19315556917595,3.87770416174327,0,63,95,1
15,12,1,4,3.18024330575586,3.47142118294498,0,63,95,1
15,24,1,4,1.66074108107955,1.59931674313358,0,63,95,1
15,0.25,2,4,0.731725806583922,0.791232407989065,0,63,89.95,0
15,1.5,2,4,3.07777270523612,3.18905529679714,0,63,89.95,0
15,3.35,2,4,4.33424492479766,4.81017052579084,0,63,89.95,0
15,12,2,4,3.71822684907216,4.76473159048916,0,63,89.95,0
15,24,2,4,2.33649491145152,2.45551241168553,0,63,89.95,0
15,0.25,3,4,0.730191304394223,0.743842498164964,0,63,84.67,1
15,1.5,3,4,3.03521575555062,3.11743508841827,0,63,84.67,1
15,3.35,3,4,4.18437025293455,4.38900306428561,0,63,84.67,1
15,12,3,4,3.14888810103056,3.06650144678397,0,63,84.67,1
15,24,3,4,1.6251344626563,1.50096287751124,0,63,84.67,1
16,0.25,1,4,1.60646723113949,1.46384670853204,0,86,121,0
16,1.5,1,4,4.41949557542919,3.40661011966408,0,86,121,0
16,3.35,1,4,4.47748204936639,4.45978276919143,0,86,121,0
16,12,1,4,2.75435758291832,2.91857384585781,0,86,121,0
16,24,1,4,1.38672473815084,1.07796545775792,0,86,121,0
16,0.25,2,4,1.6043508156469,1.49703784741889,0,86,115.86,0
16,1.5,2,4,4.37583795427837,3.79566031238342,0,86,115.86,0
16,3.35,2,4,4.35992383008709,4.45647090503057,0,86,115.86,0
16,12,2,4,2.46133000383303,2.4464231014906,0,86,115.86,0
16,24,2,4,1.09956228066754,1.08103134615357,0,86,115.86,0
17,0.25,1,4,3.00487578521168,3.06480428942836,0,57,111,1
17,1.5,1,4,7.7579933304397,8.1847650281116,0,57,111,1
17,3.35,1,4,6.81620196403744,6.80631201982766,0,57,111,1
17,12,1,4,1.93824587068876,2.18239881625752,0,57,111,1
17,24,1,4,0.332462892423784,0.214511052348098,0,57,111,1
17,0.25,2,4,3.03213689944027,2.68363608802315,0,57,102.63,0
17,1.5,2,4,8.29848074537579,9.12874254836881,0,57,102.63,0
17,3.35,2,4,8.16425685627055,7.65908553256639,0,57,102.63,0
17,12,2,4,4.18632712105344,4.12538622076634,0,57,102.63,0
17,24,2,4,1.63318310730883,1.71042488828064,0,57,102.63,0
18,0.25,1,4,3.71448507796099,3.71531118037423,0,74,106,0
18,1.5,1,4,8.13241438630037,8.18478578750086,0,74,106,0
18,3.35,1,4,7.21016744176914,6.88604610494266,0,74,106,0
18,12,1,4,3.18102446628822,4.08776419063318,0,74,106,0
18,24,1,4,1.02007430413865,1.15805464861413,0,74,106,0
18,0.25,2,4,3.72349185074338,4.0989261880763,0,74,100.1,0
18,1.5,2,4,8.29013525025443,8.11370866798765,0,74,100.1,0
18,3.35,2,4,7.58685228736941,7.76599129819308,0,74,100.1,0
18,12,2,4,3.90837345190912,3.79408762265181,0,74,100.1,0
18,24,2,4,1.55416338750024,1.55171887893779,0,74,100.1,0
19,0.25,1,4,1.69173703280836,1.24678151303364,1,73,104,0
19,1.5,1,4,5.9147592094717,6.00597285615702,1,73,104,0
19,3.35,1,4,6.55530405375781,6.44146981309664,1,73,104,0
19,12,1,4,2.35557786425247,2.24072941408335,1,73,104,0
19,24,1,4,0.486574057086586,0.520403569555225,1,73,104,0
19,0.25,2,4,1.69500023153716,1.74837344473891,1,73,98.77,1
19,1.5,2,4,5.99279580375792,6.22509975783142,1,73,98.77,1
19,3.35,2,4,6.78093046220972,5.85113068832175,1,73,98.77,1
19,12,2,4,2.75799177895338,2.79422339260026,1,73,98.77,1
19,24,2,4,0.68198296085621,0.654980385140511,1,73,98.77,1
20,0.25,1,4,1.81273794660767,2.01951329485808,0,85,91,0
20,1.5,1,4,4.765371568558,4.28664868947218,0,85,91,0
20,3.35,1,4,4.6573245442766,4.86290915992797,0,85,91,0
20,12,1,4,2.5684767643115,2.05738639960348,0,85,91,0
20,24,1,4,1.1144422899938,0.829780828659746,0,85,91,0
20,0.25,2,4,1.81360531488344,1.82307100470339,0,85,84.31,0
20,1.5,2,4,4.78273359055085,5.47973923460921,0,85,84.31,0
20,3.35,2,4,4.70291635759133,4.24597522693648,0,85,84.31,0
20,12,2,4,2.67550870173973,2.68533470682555,0,85,84.31,0
20,24,2,4,1.21217540026277,1.15820218382777,0,85,84.31,0
20,0.25,3,4,1.81358037693036,1.74620060572717,0,85,78.76,0
20,1.5,3,4,4.7822335497011,4.12779648441062,0,85,78.76,0
20,3.35,3,4,4.70159940306571,4.64276291752342,0,85,78.76,0
20,12,3,4,2.6723707191364,2.25702343137921,0,85,78.76,0
20,24,3,4,1.20925000499823,1.35605517911279,0,85,78.76,0
21,0.25,1,4,3.15434173561974,2.9424001389901,1,70,119,0
21,1.5,1,4,6.97099026173306,6.72267879057473,1,70,119,0
21,3.35,1,4,5.56121935111237,5.02308159350617,1,70,119,0
21,12,1,4,1.29552540994609,1.42984629939295,1,70,119,0
21,24,1,4,0.170649237269104,0.152382922316524,1,70,119,0
21,0.25,2,4,3.15395141564504,2.45912628376398,1,70,113.39,0
21,1.5,2,4,6.96434378518517,6.4554128735703,1,70,113.39,0
21,3.35,2,4,5.54705493472244,5.28112943335522,1,70,113.39,0
21,12,2,4,1.28191984369061,1.32978213967498,1,70,113.39,0
21,24,2,4,0.166988657892604,0.144018099427679,1,70,113.39,0
22,0.25,1,4,6.85258062343078,7.26962627315142,1,42,110,0
22,1.5,1,4,10.6961689086583,10.1429164476395,1,42,110,0
22,3.35,1,4,7.92692290319226,7.67663419286472,1,42,110,0
22,12,1,4,1.83246600331543,1.79510821278901,1,42,110,0
22,24,1,4,0.240208040629561,0.225212658513648,1,42,110,0
22,0.25,2,4,6.86825068445956,5.77867261966844,1,42,103.14,0
22,1.5,2,4,10.9029713894424,11.3496257005526,1,42,103.14,0
22,3.35,2,4,8.32533207023934,7.76907520282017,1,42,103.14,0
22,12,2,4,2.21663170263616,2.10858514012715,1,42,103.14,0
22,24,2,4,0.353485807682282,0.162153346264978,1,42,103.14,0
22,0.25,3,4,6.85724166109555,6.7996220429809,1,42,95.23,0
22,1.5,3,4,10.7573036732956,10.5863787930966,1,42,95.23,0
22,3.35,3,4,8.04348620536372,8.14145470173518,1,42,95.23,0
22,12,3,4,1.93930316625993,1.64547221601689,1,42,95.23,0
22,24,3,4,0.269490696420617,0.395336772625731,1,42,95.23,0
23,0.25,1,4,3.06640169367001,3.02288345941718,0,44,120,1
23,1.5,1,4,8.43275656096037,8.15873775113786,0,44,120,1
23,3.35,1,4,8.11127894056225,9.13449259686585,0,44,120,1
23,12,1,4,3.49816920134786,3.27267520930449,0,44,120,1
23,24,1,4,1.06883597707676,1.17027512821013,0,44,120,1
23,0.25,2,4,3.05931028967759,3.11080571909421,0,44,113.87,0
23,1.5,2,4,8.28927617818874,6.75185670706,0,44,113.87,0
23,3.35,2,4,7.74689778814017,6.54138709724547,0,44,113.87,0
23,12,2,4,2.87186620795273,2.82329854492757,0,44,113.87,0
23,24,2,4,0.710503279155969,0.50537086714262,0,44,113.87,0
24,0.25,1,4,1.55990564961596,1.74612210442875,0,80,93,0
24,1.5,1,4,5.14885715065283,5.22238262630904,0,80,93,0
24,3.35,1,4,5.60664712499365,5.29824540042028,0,80,93,0
24,12,1,4,2.67044922136019,2.55993405860799,0,80,93,0
24,24,1,4,0.886819998664351,0.838255733698701,0,80,93,0
24,0.25,2,4,1.5604986446853,1.62122203634342,0,80,89.14,0
24,1.5,2,4,5.16263792339056,4.94656930703506,0,80,89.14,0
24,3.35,2,4,5.64629633939616,5.95371282714453,0,80,89.14,0
24,12,2,4,2.75695875285469,2.88746703440112,0,80,89.14,0
24,24,2,4,0.948338286556502,1.10898311444857,0,80,89.14,0
24,0.25,3,4,1.55879115464238,1.65542068902748,0,80,84.65,1
24,1.5,3,4,5.12305864492986,5.0066517114382,0,80,84.65,1
24,3.35,3,4,5.5329100191994,5.71669663653184,0,80,84.65,1
24,12,3,4,2.5151045213546,2.5805192629285,0,80,84.65,1
24,24,3,4,0.781745497361129,0.762746541731575,0,80,84.65,1
25,0.25,1,4,2.01503060752281,2.39089949222159,0,80,108,0
25,1.5,1,4,5.57200463734916,5.20413821493923,0,80,108,0
25,3.35,1,4,5.25032079365038,5.13837762689307,0,80,108,0
25,12,1,4,1.91148561386231,2.19887618817321,0,80,108,0
25,24,1,4,0.459233901148142,0.616404158465013,0,80,108,0
25,0.25,2,4,2.0208564710459,1.91591992800144,0,80,104.64,0
25,1.5,2,4,5.69170121317679,4.95390069283456,0,80,104.64,0
25,3.35,2,4,5.55760332318038,6.52362608191776,0,80,104.64,0
25,12,2,4,2.44399142068068,2.17753809257899,0,80,104.64,0
25,24,2,4,0.764388373847399,0.878644262226035,0,80,104.64,0
26,0.25,1,4,2.78432317324759,2.90124475354427,0,61,99,0
26,1.5,1,4,9.14834879228079,9.61008506396004,0,61,99,0
26,3.35,1,4,9.64380658941353,12.1318780655903,0,61,99,0
26,12,1,4,3.49096175174592,3.1666571124764,0,61,99,0
26,24,1,4,0.774284752114365,0.83354888610834,0,61,99,0
27,0.25,1,4,5.02200663867763,6.04634533759079,0,73,126,0
27,1.5,1,4,10.6779546164552,10.701955913649,0,73,126,0
27,3.35,1,4,9.67765872621007,11.1192463965727,0,73,126,0
27,12,1,4,5.0140291137247,4.63343083692062,0,73,126,0
27,24,1,4,2.01133082432237,1.42073505564088,0,73,126,0
28,0.25,1,4,5.79282527287669,5.80218401916579,1,43,125,0
28,1.5,1,4,10.8498401656797,11.5641822986238,1,43,125,0
28,3.35,1,4,7.51625705216261,7.99140431766784,1,43,125,0
28,12,1,4,1.02974322194767,0.75351053899104,1,43,125,0
28,24,1,4,0.065172580270943,0.0419661899322351,1,43,125,0
28,0.25,2,4,5.84041299904378,5.14374002209347,1,43,121.12,0
28,1.5,2,4,11.5760190400373,13.4306796398002,1,43,121.12,0
28,3.35,2,4,8.92567015329374,9.18621058033339,1,43,121.12,0
28,12,2,4,2.0650094469394,2.14183963642595,1,43,121.12,0
28,24,2,4,0.270479713444557,0.222756708879798,1,43,121.12,0
29,0.25,1,4,8.6921274422821,10.3643414427681,1,46,120,0
29,1.5,1,4,20.645563628866,21.3998604630887,1,46,120,0
29,3.35,1,4,18.028988938568,16.2738564677965,1,46,120,0
29,12,1,4,6.25330445222397,5.70036635465565,1,46,120,0
29,24,1,4,1.42954042313099,1.32170991359248,1,46,120,0
29,0.25,2,4,8.71122990343587,7.85752055521109,1,46,113.46,0
29,1.5,2,4,20.9967435060904,20.2943660302176,1,46,113.46,0
29,3.35,2,4,18.8610817006711,18.9040254454758,1,46,113.46,0
29,12,2,4,7.54154713279399,7.57382846495703,1,46,113.46,0
29,24,2,4,2.10077171864253,1.56207826593681,1,46,113.46,0
29,0.25,3,4,8.71274406850145,8.14351395024093,1,46,108.56,0
29,1.5,3,4,21.0248261997484,21.0038672054875,1,46,108.56,0
29,3.35,3,4,18.9286284119746,17.8262087286177,1,46,108.56,0
29,12,3,4,7.65421891046657,5.84107794106706,1,46,108.56,0
29,24,3,4,2.16577020193288,2.21702116119898,1,46,108.56,0
30,0.25,1,4,8.80063461286673,8.6870191551333,1,36,120,0
30,1.5,1,4,23.4762760916861,24.0006299347252,1,36,120,0
30,3.35,1,4,20.1066390113949,21.3838977916618,1,36,120,0
30,12,1,4,4.13912333189524,4.38890783212719,1,36,120,0
30,24,1,4,0.445838705340011,0.544569433203773,1,36,120,0
31,0.25,1,4,2.51861962436623,2.3074227603901,0,48,101,0
31,1.5,1,4,6.40698239044546,6.43332785061892,0,48,101,0
31,3.35,1,4,5.95571124843804,6.54574084219526,0,48,101,0
31,12,1,4,2.59174064987238,2.51122288168723,0,48,101,0
31,24,1,4,0.809463360180514,0.820778986096814,0,48,101,0
31,0.25,2,4,2.52312798360865,2.51863851100459,0,48,98.19,0
31,1.5,2,4,6.49469934651416,6.53759802710457,0,48,98.19,0
31,3.35,2,4,6.17664151426574,6.45854545790103,0,48,98.19,0
31,12,2,4,3.01910847992922,3.26645075770909,0,48,98.19,0
31,24,2,4,1.10835862106772,1.12331168852631,0,48,98.19,0
31,0.25,3,4,2.5228734117477,2.84250450720161,0,48,92.88,0
31,1.5,3,4,6.489715218366,5.87209633419794,0,48,92.88,0
31,3.35,3,4,6.16395361214747,5.33711920924183,0,48,92.88,0
31,12,3,4,2.99322147565664,3.07444746493024,0,48,92.88,0
31,24,3,4,1.08888253741997,1.13803212242709,0,48,92.88,0
32,0.25,1,4,2.96500731113578,2.80418881032751,0,42,94,1
32,1.5,1,4,8.48111322873694,7.58533564677789,0,42,94,1
32,3.35,1,4,8.59418641545495,8.34552439367259,0,42,94,1
32,12,1,4,4.65921561550238,4.35710532888924,0,42,94,1
32,24,1,4,1.95330452239476,2.46305444965716,0,42,94,1
32,0.25,2,4,2.96731613048439,3.39199836240753,0,42,88.87,0
32,1.5,2,4,8.53016188227981,8.61911316910205,0,42,88.87,0
32,3.35,2,4,8.72794700739639,8.49895758214301,0,42,88.87,0
32,12,2,4,4.97868849148761,5.69956152399236,0,42,88.87,0
32,24,2,4,2.2407595540386,2.44289269125247,0,42,88.87,0
33,0.25,1,4,3.36179689439395,3.46586119914162,1,63,92,1
33,1.5,1,4,8.99824423503095,8.28523384020336,1,63,92,1
33,3.35,1,4,7.60927780961896,8.3705419499797,1,63,92,1
33,12,1,4,1.39180226749868,1.24833900081913,1,63,92,1
33,24,1,4,0.126437811776352,0.164234760175419,1,63,92,1
33,0.25,2,4,3.37461517929739,3.20729149307028,1,63,86.71,1
33,1.5,2,4,9.24864377567899,11.5859568543166,1,63,86.71,1
33,3.35,2,4,8.18639814603131,6.74508856756274,1,63,86.71,1
33,12,2,4,1.92138223446286,1.56365254134325,1,63,86.71,1
33,24,2,4,0.247659433129713,0.231031451749089,1,63,86.71,1
33,0.25,3,4,3.40392188453379,3.34012489873082,1,63,83.65,0
33,1.5,3,4,9.8477426566867,8.59624406210722,1,63,83.65,0
33,3.35,3,4,9.67890741128199,9.80292123184796,1,63,83.65,0
33,12,3,4,4.00260873736192,3.64698780646875,1,63,83.65,0
33,24,3,4,1.14067620006992,1.30905264574705,1,63,83.65,0
34,0.25,1,4,9.72018814269725,9.96413990900274,1,36,107,0
34,1.5,1,4,22.4898139465402,19.6610363924869,1,36,107,0
34,3.35,1,4,19.8306887958869,18.5207252097632,1,36,107,0
34,12,1,4,7.71703900836319,8.06456353756587,1,36,107,0
34,24,1,4,2.07425648042096,1.87486469009378,1,36,107,0
34,0.25,2,4,9.72243425899536,9.86662076209379,1,36,101.93,0
34,1.5,2,4,22.5302291530355,20.9829654276552,1,36,101.93,0
34,3.35,2,4,19.9259371728765,18.7958338364608,1,36,101.93,0
34,12,2,4,7.87057425561617,8.97883902886963,1,36,101.93,0
34,24,2,4,2.15979149518085,2.62437187732377,1,36,101.93,0
35,0.25,1,4,3.43307488449456,3.37364412216316,1,58,112,1
35,1.5,1,4,8.28342917993474,8.54864514749876,1,58,112,1
35,3.35,1,4,6.75228228537654,5.99419629578708,1,58,112,1
35,12,1,4,1.43213345175126,1.3594221326536,1,58,112,1
35,24,1,4,0.164148363095551,0.203753964043028,1,58,112,1
36,0.25,1,4,7.82465145886928,7.65700858965773,1,36,88,0
36,1.5,1,4,17.6713762918284,18.7583228250445,1,36,88,0
36,3.35,1,4,14.9934302798471,12.5498126288583,1,36,88,0
36,12,1,4,4.85592528946159,5.1786322186196,1,36,88,0
36,24,1,4,1.01161127579469,1.00591133232902,1,36,88,0
37,0.25,1,4,6.89886483931605,5.86311396920229,1,59,106,0
37,1.5,1,4,14.6648707650913,19.0356658228595,1,59,106,0
37,3.35,1,4,12.088851169067,10.6149494241079,1,59,106,0
37,12,1,4,3.68185741036524,4.13378736987007,1,59,106,0
37,24,1,4,0.705661985727992,0.623810096641737,1,59,106,0
38,0.25,1,4,2.95599206998597,2.96176556352471,0,55,108,0
38,1.5,1,4,8.89792303468145,8.42323444552491,0,55,108,0
38,3.35,1,4,9.31090543582602,7.0737582004405,0,55,108,0
38,12,1,4,5.22154661231078,4.44467803596589,0,55,108,0
38,24,1,4,2.27301486403761,2.34692265243212,0,55,108,0
39,0.25,1,4,6.93216686186922,6.50626705997315,1,44,126,1
39,1.5,1,4,17.3773108266393,19.0745665980833,1,44,126,1
39,3.35,1,4,12.6425707552706,12.6474152718289,1,44,126,1
39,12,1,4,0.929923095906859,0.827198668441754,1,44,126,1
39,24,1,4,0.0232008050113358,0.182260992778349,1,44,126,1
40,0.25,1,4,2.75018511747055,2.60224480740364,0,80,90,0
40,1.5,1,4,8.08801282727908,8.14381143031533,0,80,90,0
40,3.35,1,4,8.44872118779596,8.05013790339235,0,80,90,0
40,12,1,4,5.13974258067912,4.97025337986451,0,80,90,0
40,24,1,4,2.52332691816433,2.40434298246745,0,80,90,0
40,0.25,2,4,2.7533661953397,3.16599775692102,0,80,83.24,0
40,1.5,2,4,8.15735250060969,7.51674130632175,0,80,83.24,0
40,3.35,2,4,8.64403364070431,7.69240825526789,0,80,83.24,0
40,12,2,4,5.67149308449415,5.69468041568639,0,80,83.24,0
40,24,2,4,3.09423567216293,3.24806952696802,0,80,83.24,0
40,0.25,3,4,2.75075265711887,2.66779786256246,0,80,77.85,0
40,1.5,3,4,8.10034077482426,8.72642417396698,0,80,77.85,0
40,3.35,3,4,8.48323966138116,9.09621911030456,0,80,77.85,0
40,12,3,4,5.23085449588693,5.42880941947273,0,80,77.85,0
40,24,3,4,2.61688911342985,2.57393803787748,0,80,77.85,0
41,0.25,1,4,3.36131274833555,3.54184726396102,1,68,102,0
41,1.5,1,4,7.85501949188633,7.33509104898837,1,68,102,0
41,3.35,1,4,6.90246378030871,6.37539621763701,1,68,102,0
41,12,1,4,2.57837936264767,2.49117928986227,1,68,102,0
41,24,1,4,0.654303345946611,0.722703738342138,1,68,102,0
41,0.25,2,4,3.35432018245707,3.60846800778392,1,68,95.74,0
41,1.5,2,4,7.72958800736371,7.36908484649447,1,68,95.74,0
41,3.35,2,4,6.611871545179,6.4681640818153,1,68,95.74,0
41,12,2,4,2.15874417918007,2.29432606189744,1,68,95.74,0
41,24,2,4,0.454361951724634,0.342604026487151,1,68,95.74,0
42,0.25,1,4,2.92388449454519,2.84146891106992,1,70,105,0
42,1.5,1,4,6.83564106066154,6.8684481211852,1,70,105,0
42,3.35,1,4,6.32089968945338,6.53614493267609,1,70,105,0
42,12,1,4,3.19853804115074,3.38330513797614,1,70,105,0
42,24,1,4,1.23898721795248,1.07115681090886,1,70,105,0
42,0.25,2,4,2.92148661392819,3.12120282231721,1,70,99.11,0
42,1.5,2,4,6.7918860801721,7.37835468543506,1,70,99.11,0
42,3.35,2,4,6.21370846613562,6.95242123551677,1,70,99.11,0
42,12,2,4,2.98259619052518,2.9795713825736,1,70,99.11,0
42,24,2,4,1.07366768641522,0.770116045848076,1,70,99.11,0
42,0.25,3,4,2.9159900287393,2.46074068836626,1,70,93.69,0
42,1.5,3,4,6.69259862515724,6.68511135178353,1,70,93.69,0
42,3.35,3,4,5.97464006668031,6.34532087298854,1,70,93.69,0
42,12,3,4,2.54042361324864,2.15534179978917,1,70,93.69,0
42,24,3,4,0.772803405376031,0.654817565258271,1,70,93.69,0
43,0.25,1,4,3.64527650221731,3.70681635375763,1,63,101,1
43,1.5,1,4,8.52946300291742,8.25340999593839,1,63,101,1
43,3.35,1,4,6.78240571242107,6.61610885368442,1,63,101,1
43,12,1,4,1.33724842390453,1.26014979497929,1,63,101,1
43,24,1,4,0.138843321708596,0.100459645852569,1,63,101,1
44,0.25,1,4,2.30572853151216,2.27484660819743,0,75,115,1
44,1.5,1,4,6.94241939131532,8.23272448482095,0,75,115,1
44,3.35,1,4,6.886537279168,8.09020584090674,0,75,115,1
44,12,1,4,2.52197262931861,2.37087194559063,0,75,115,1
44,24,1,4,0.596513912872836,0.459571086353918,0,75,115,1
45,0.25,1,4,2.60847284988085,2.46012187362085,0,61,108,0
45,1.5,1,4,8.9102359342156,9.12614362019216,0,61,108,0
45,3.35,1,4,10.2069890630981,8.66999354798551,0,61,108,0
45,12,1,4,6.16057958289012,5.64194420412267,0,61,108,0
45,24,1,4,2.8413745543812,2.42654180684968,0,61,108,0
46,0.25,1,4,2.05771148929124,2.37367036875381,1,61,112,0
46,1.5,1,4,6.07136997930914,6.83684715966932,1,61,112,0
46,3.35,1,4,6.02666301159177,6.46001543490049,1,61,112,0
46,12,1,4,2.46004748876991,1.95810427903248,1,61,112,0
46,24,1,4,0.684558914115367,0.778843190582291,1,61,112,0
47,0.25,1,4,4.26740460896428,3.30762217344531,1,71,89,0
47,1.5,1,4,9.61794758263063,10.0882563483284,1,71,89,0
47,3.35,1,4,8.40643501860931,8.91311611302525,1,71,89,0
47,12,1,4,3.26026824917394,3.47711590800182,1,71,89,0
47,24,1,4,0.873104925306559,0.919983243818829,1,71,89,0
48,0.25,1,4,2.16167282431305,2.06679020551017,0,67,91,0
48,1.5,1,4,6.92645892047138,6.73748007281393,0,67,91,0
48,3.35,1,4,7.27199315878265,7.67562791258735,0,67,91,0
48,12,1,4,3.01737138491714,3.3296063582553,0,67,91,0
48,24,1,4,0.83195722364876,0.912769896293959,0,67,91,0
48,0.25,2,4,2.16808691615797,2.64282866710859,0,67,86.72,0
48,1.5,2,4,7.07299060195917,6.99693507248607,0,67,86.72,0
48,3.35,2,4,7.68560829006513,7.69476454278251,0,67,86.72,0
48,12,2,4,3.87090080642356,4.04902443456456,0,67,86.72,0
48,24,2,4,1.40364953172444,1.01619098526546,0,67,86.72,0
49,0.25,1,4,4.41988097497755,4.74162957734821,0,76,106,0
49,1.5,1,4,10.675604712878,9.96924861973929,0,76,106,0
49,3.35,1,4,9.90912512124124,10.3858236044097,0,76,106,0
49,12,1,4,4.82121842098294,4.81123358107978,0,76,106,0
49,24,1,4,1.76575821766493,1.81978459053512,0,76,106,0
50,0.25,1,4,1.86339770469661,1.90686957395256,1,68,94,0
50,1.5,1,4,6.27283197974888,5.79918703962981,1,68,94,0
50,3.35,1,4,6.77824314202004,7.38892270908197,1,68,94,0
50,12,1,4,2.59736713602677,2.72821501152261,1,68,94,0
50,24,1,4,0.615544899205952,0.958753171236152,1,68,94,0
51,0.25,1,4,5.23398974444897,4.35796208682727,0,36,115,0
51,1.5,1,4,14.8112871197662,16.3968102074787,0,36,115,0
51,3.35,1,4,13.6319810995687,12.8299704038207,0,36,115,0
51,12,1,4,3.7342243063,3.83375573768022,0,36,115,0
51,24,1,4,0.594604108181005,0.401537843392641,0,36,115,0
51,0.25,2,4,5.22479098090399,4.60702684592741,0,36,107.9,0
51,1.5,2,4,14.6249475562933,15.1359290236325,0,36,107.9,0
51,3.35,2,4,13.18023899323,11.8682529106028,0,36,107.9,0
51,12,2,4,3.21745830329992,3.21645770067273,0,36,107.9,0
51,24,2,4,0.435781181996876,0.417085881898615,0,36,107.9,0
51,0.25,3,4,5.26258698722338,4.20564981334158,0,36,102.14,0
51,1.5,3,4,15.4059788298092,14.4411938866765,0,36,102.14,0
51,3.35,3,4,15.1397417726068,13.4846041699708,0,36,102.14,0
51,12,3,4,5.92651526329426,5.14673680497266,0,36,102.14,0
51,24,3,4,1.55691397039985,1.37188778527791,0,36,102.14,0
52,0.25,1,4,1.37631546543127,1.43557584371824,0,66,95,0
52,1.5,1,4,3.97563365433991,3.98821079197363,0,66,95,0
52,3.35,1,4,3.81126287556907,2.72218663000349,0,66,95,0
52,12,1,4,1.30731569362886,1.43452136811591,0,66,95,0
52,24,1,4,0.285449048840176,0.335441386535558,0,66,95,0
52,0.25,2,4,1.38134310550751,1.6546068681512,0,66,91.81,0
52,1.5,2,4,4.08206481822626,4.31123117179599,0,66,91.81,0
52,3.35,2,4,4.08948952175635,4.13776482949305,0,66,91.81,0
52,12,2,4,1.78124570197823,1.83960069885391,0,66,91.81,0
52,24,2,4,0.54357014944999,0.44879862467121,0,66,91.81,0
53,0.25,1,4,2.96525861469345,3.31917618976315,1,57,93,1
53,1.5,1,4,8.23104968511914,7.40469574922855,1,57,93,1
53,3.35,1,4,7.11496346581438,8.62843673507694,1,57,93,1
53,12,1,4,1.28168471786167,1.21659941874519,1,57,93,1
53,24,1,4,0.112304193795117,0.064547574980833,1,57,93,1
53,0.25,2,4,2.98515001578545,2.74877561095512,1,57,87.93,0
53,1.5,2,4,8.63315278199341,8.0363864988196,1,57,87.93,0
53,3.35,2,4,8.07484148823441,7.85976623466019,1,57,87.93,0
53,12,2,4,2.25367844024724,2.55416805135098,1,57,87.93,0
53,24,2,4,0.365821261856348,0.386624716693512,1,57,87.93,0
53,0.25,3,4,2.95236408057511,3.10859550724988,1,57,83.54,1
53,1.5,3,4,7.98058635922003,7.59095857421242,1,57,83.54,1
53,3.35,3,4,6.55621892953245,7.11257302456453,1,57,83.54,1
53,12,3,4,0.887976377754061,0.999297636953298,1,57,83.54,1
53,24,3,4,0.0520215721082044,0.0532947638552582,1,57,83.54,1
54,0.25,1,4,2.74504458299266,3.38120849796466,0,78,99,0
54,1.5,1,4,6.18343755652439,5.99182188788613,0,78,99,0
54,3.35,1,4,5.59632758020107,5.73525070960496,0,78,99,0
54,12,1,4,2.65951976985974,2.33601999402427,0,78,99,0
54,24,1,4,0.945054914968356,0.997113395967758,0,78,99,0
54,0.25,2,4,2.72704278200369,2.9642971752888,0,78,94.15,1
54,1.5,2,4,5.87132702849323,5.95738355325202,0,78,94.15,1
54,3.35,2,4,4.87643722538871,5.57282453730631,0,78,94.15,1
54,12,2,4,1.51895062870247,1.62782983926856,0,78,94.15,1
54,24,2,4,0.300254272385442,0.255992252982497,0,78,94.15,1
54,0.25,3,4,2.7299873787312,2.49640319660286,0,78,89.32,0
54,1.5,3,4,5.92132915003729,6.73502764796998,0,78,89.32,0
54,3.35,3,4,4.98769384389794,5.33142821519848,0,78,89.32,0
54,12,3,4,1.66515336557605,1.74058267136563,0,78,89.32,0
54,24,3,4,0.362418626268333,0.372176758105111,0,78,89.32,0
55,0.25,1,4,2.66754162688054,2.56152279296662,0,70,122,0
55,1.5,1,4,6.95721854818799,7.36101047259762,0,70,122,0
55,3.35,1,4,6.62839502079267,6.63326956887559,0,70,122,0
55,12,1,4,3.16441203653474,3.67500155007358,0,70,122,0
55,24,1,4,1.12267245750609,1.21674854224141,0,70,122,0
56,0.25,1,4,1.77364121104213,2.02417532195117,0,80,119,0
56,1.5,1,4,4.32834588921465,4.48150195606546,0,80,119,0
56,3.35,1,4,4.14563137811601,4.45664635889278,0,80,119,0
56,12,1,4,2.38684127299029,2.45679401253772,0,80,119,0
56,24,1,4,1.10484821193389,0.802050148636871,0,80,119,0
57,0.25,1,4,4.30273858897495,4.87504409564382,1,56,105,0
57,1.5,1,4,9.62485244951654,8.11983284172437,1,56,105,0
57,3.35,1,4,8.01281225133841,6.88746714592556,1,56,105,0
57,12,1,4,2.35949129260669,2.12895360808513,1,56,105,0
57,24,1,4,0.430655034760502,0.452553510802342,1,56,105,0
57,0.25,2,4,4.30563423354602,3.79058312908327,1,56,99.68,0
57,1.5,2,4,9.67521692372702,10.5305648324346,1,56,99.68,0
57,3.35,2,4,8.1252456444203,6.77130435342064,1,56,99.68,0
57,12,2,4,2.49881268689463,2.27936822898216,1,56,99.68,0
57,24,2,4,0.484450273190553,0.437530509338619,1,56,99.68,0
58,0.25,1,4,3.10720708025889,3.26927870947469,0,60,103,1
58,1.5,1,4,7.48359418985437,7.07420709668953,0,60,103,1
58,3.35,1,4,6.97899805749442,6.13701812006766,0,60,103,1
58,12,1,4,3.51335371695984,3.89976024259407,0,60,103,1
58,24,1,4,1.34957500255102,1.35764229709906,0,60,103,1
58,0.25,2,4,3.11008979125362,3.14042524048893,0,60,97.7,0
58,1.5,2,4,7.53768469293683,7.86515918927269,0,60,97.7,0
58,3.35,2,4,7.11445157628131,7.13716309329856,0,60,97.7,0
58,12,2,4,3.80243612875636,3.87176373027448,0,60,97.7,0
58,24,2,4,1.5872350520893,1.36987498071964,0,60,97.7,0
59,0.25,1,4,10.5176688966429,12.887483845847,1,49,99,1
59,1.5,1,4,20.9165746008701,21.2162104576291,1,49,99,1
59,3.35,1,4,14.7115815029378,14.8092458708086,1,49,99,1
59,12,1,4,1.9839067035077,2.10981682507311,1,49,99,1
59,24,1,4,0.122574505011025,0.117064728623258,1,49,99,1
60,0.25,1,4,4.03842443288743,3.26982143157231,0,48,120,1
60,1.5,1,4,8.16527846346112,10.0215487480815,0,48,120,1
60,3.35,1,4,6.77302759908077,5.87429590177363,0,48,120,1
60,12,1,4,2.29274710920249,2.35754862462387,0,48,120,1
60,24,1,4,0.509510163214908,0.537562447373467,0,48,120,1
60,0.25,2,4,4.06429575885575,3.51596588197223,0,48,114.16,0
60,1.5,2,4,8.59458155742949,8.48628183708909,0,48,114.16,0
60,3.35,2,4,7.75315843498178,8.31382839030512,0,48,114.16,0
60,12,2,4,3.94073190057129,3.62608952213459,0,48,114.16,0
60,24,2,4,1.53939259340874,1.68902403860506,0,48,114.16,0
60,0.25,3,4,4.04579600791244,3.31338362870666,0,48,106.9,0
60,1.5,3,4,8.28549367194697,10.2264384903537,0,48,106.9,0
60,3.35,3,4,7.03938333923008,7.87533785841721,0,48,106.9,0
60,12,3,4,2.67640315147078,2.72354397779887,0,48,106.9,0
60,24,3,4,0.698801287397484,0.659012964944367,0,48,106.9,0
61,0.25,1,4,2.11850880128633,2.18504862965062,0,65,94,1
61,1.5,1,4,5.23581934362389,4.62417335427138,0,65,94,1
61,3.35,1,4,4.88416563580621,5.02847120265115,0,65,94,1
61,12,1,4,2.33216641073367,2.33740052926205,0,65,94,1
61,24,1,4,0.831033902687668,0.789944679899775,0,65,94,1
62,0.25,1,4,3.14986096425344,3.19487980379944,0,58,127,0
62,1.5,1,4,7.88228306843259,7.87207120397879,0,58,127,0
62,3.35,1,4,7.27752290510574,6.9526326840606,0,58,127,0
62,12,1,4,3.16265967185188,3.42507734673364,0,58,127,0
62,24,1,4,0.987204215696585,0.893713912672847,0,58,127,0
62,0.25,2,4,3.13888641901378,2.9369599858554,0,58,120.55,0
62,1.5,2,4,7.67532929184292,7.72700151591905,0,58,120.55,0
62,3.35,2,4,6.77703809251212,7.45697928498637,0,58,120.55,0
62,12,2,4,2.347949383424,2.50900417046581,0,58,120.55,0
62,24,2,4,0.534785646739401,0.62754243666052,0,58,120.55,0
63,0.25,1,4,2.10074456865087,2.19083571051132,0,95,124,0
63,1.5,1,4,5.19860761568568,5.30037559565875,0,95,124,0
63,3.35,1,4,5.02385461089578,4.69517410346665,0,95,124,0
63,12,1,4,2.96923894322677,3.02472692787132,0,95,124,0
63,24,1,4,1.42464449443359,1.42080379395922,0,95,124,0
64,0.25,1,4,2.03342125051567,2.03575139419192,0,93,120,1
64,1.5,1,4,6.46035327816073,4.86625195361381,0,93,120,1
64,3.35,1,4,6.83190268868519,6.48662066059524,0,93,120,1
64,12,1,4,3.18196363693929,2.95809913051826,0,93,120,1
64,24,1,4,1.04246170325668,0.946999286611461,0,93,120,1
65,0.25,1,4,1.00149616543128,0.839804001160976,0,87,107,0
65,1.5,1,4,3.24619007736335,3.16671432223383,0,87,107,0
65,3.35,1,4,3.54612795898196,4.15678696053241,0,87,107,0
65,12,1,4,1.94357058636109,1.8764858749143,0,87,107,0
65,24,1,4,0.799269622817982,0.901599524246804,0,87,107,0
66,0.25,1,4,2.77601657438161,2.64377635919981,0,91,118,0
66,1.5,1,4,8.34899274311954,7.53077299157892,0,91,118,0
66,3.35,1,4,8.6565984877458,7.79997922004706,0,91,118,0
66,12,1,4,4.54257146240941,4.09515965223268,0,91,118,0
66,24,1,4,1.79944591641519,1.80172303692025,0,91,118,0
66,0.25,2,4,2.77513715097513,2.75176165493226,0,91,111.56,0
66,1.5,2,4,8.32975906556424,8.42167221554352,0,91,111.56,0
66,3.35,2,4,8.60345080403502,8.96204066418813,0,91,111.56,0
66,12,2,4,4.42195815912033,4.47133928127574,0,91,111.56,0
66,24,2,4,1.70151673772012,2.04853000518901,0,91,111.56,0
66,0.25,3,4,2.77474131599558,2.49166014574947,0,91,106,0
66,1.5,3,4,8.32111632484916,7.26667025819055,0,91,106,0
66,3.35,3,4,8.57963659306556,7.65650433627292,0,91,106,0
66,12,3,4,4.36871018301305,4.0472323930308,0,91,106,0
66,24,3,4,1.65918507335826,1.64792936547126,0,91,106,0
67,0.25,1,4,5.52476682901934,5.72140708522851,1,43,95,0
67,1.5,1,4,13.8084643786259,11.4732438682863,1,43,95,0
67,3.35,1,4,11.8382734202814,13.3173918466102,1,43,95,0
67,12,1,4,3.16668402048275,3.19139566336124,1,43,95,0
67,24,1,4,0.500699266379893,0.477132283887114,1,43,95,0
68,0.25,1,4,2.80604654205588,2.47761677873368,1,86,125,1
68,1.5,1,4,6.03176825042507,4.32147981211364,1,86,125,1
68,3.35,1,4,4.26412093616061,4.26659960100024,1,86,125,1
68,12,1,4,0.492796094903058,0.440059260131163,1,86,125,1
68,24,1,4,0.0244060315906074,-0.0247670557059131,1,86,125,1
68,0.25,2,4,2.83639745546987,2.82990766503216,1,86,118.06,1
68,1.5,2,4,6.5442631073186,6.30265989800511,1,86,118.06,1
68,3.35,2,4,5.30538740156751,5.28383708648076,1,86,118.06,1
68,12,2,4,1.23423539268276,0.826861292638132,1,86,118.06,1
68,24,2,4,0.161790261966951,0.258915553458969,1,86,118.06,1
68,0.25,3,4,2.81572251915844,2.34972282351672,1,86,112.24,1
68,1.5,3,4,6.19073889524259,5.92786478088314,1,86,112.24,1
68,3.35,3,4,4.57198474468211,4.62105441985257,1,86,112.24,1
68,12,3,4,0.661062446149936,0.744679697676399,1,86,112.24,1
68,24,3,4,0.0447175996348447,-0.0826972169867512,1,86,112.24,1
69,0.25,1,4,3.64034118042672,3.2656542763827,0,52,123,0
69,1.5,1,4,10.1537783110753,9.87886216545604,0,52,123,0
69,3.35,1,4,10.4062270472414,8.91797201251648,0,52,123,0
69,12,1,4,6.63569314682126,5.44889738866228,0,52,123,0
69,24,1,4,3.50825531207567,3.40229468729811,0,52,123,0
70,0.25,1,4,3.17761321281001,4.1622465204247,1,79,125,0
70,1.5,1,4,8.7016157290879,8.96183777345786,1,79,125,0
70,3.35,1,4,7.6172333319937,7.88222317043734,1,79,125,0
70,12,1,4,1.64207161514876,1.569107704153,1,79,125,0
70,24,1,4,0.187422691279569,0.272535232564525,1,79,125,0
70,0.25,2,4,3.17639881336611,2.93124310990727,1,79,118.52,0
70,1.5,2,4,8.67770507683468,9.08717326601036,1,79,118.52,0
70,3.35,2,4,7.56164439186483,6.78641289982795,1,79,118.52,0
70,12,2,4,1.58977135567015,1.70983646499897,1,79,118.52,0
70,24,2,4,0.175184276170977,0.209875529612915,1,79,118.52,0
71,0.25,1,4,3.68383756641469,4.02184099126974,1,48,115,0
71,1.5,1,4,9.11173379954382,8.86727747349159,1,48,115,0
71,3.35,1,4,8.45938212707248,8.58955202109973,1,48,115,0
71,12,1,4,3.91441197113416,4.5280891545572,1,48,115,0
71,24,1,4,1.33492894458483,1.1950310554928,1,48,115,0
72,0.25,1,4,2.20863956877291,2.33195920546773,0,73,99,0
72,1.5,1,4,6.2987405178398,5.87939447055048,0,73,99,0
72,3.35,1,4,6.49810736718207,5.52323555274224,0,73,99,0
72,12,1,4,4.03817795410851,4.99353683213075,0,73,99,0
72,24,1,4,2.05314712072923,1.54085859617294,0,73,99,0
72,0.25,2,4,2.20546517164202,2.06826751308429,0,73,93.67,0
72,1.5,2,4,6.23158679726111,6.43612437292916,0,73,93.67,0
72,3.35,2,4,6.31413223159207,6.05011525994991,0,73,93.67,0
72,12,2,4,3.57214597487518,3.33217176218344,0,73,93.67,0
72,24,2,4,1.59337656563082,1.51574710720025,0,73,93.67,0
72,0.25,3,4,2.20212688593749,2.13704937091614,0,73,89.09,1
72,1.5,3,4,6.16172874910303,6.1001473350639,0,73,89.09,1
72,3.35,3,4,6.12626559311477,6.45499721754127,0,73,89.09,1
72,12,3,4,3.13941216290732,3.34437709129329,0,73,89.09,1
72,24,3,4,1.21995176801955,1.099011581261,0,73,89.09,1
73,0.25,1,4,4.14581081102182,4.21885959543062,0,73,93,0
73,1.5,1,4,8.35702946786967,8.93247460120126,0,73,93,0
73,3.35,1,4,7.38099029757406,7.55083226165846,0,73,93,0
73,12,1,4,3.52186854691551,2.95398157034539,0,73,93,0
73,24,1,4,1.26084849975164,1.40357374574903,0,73,93,0
74,0.25,1,4,1.55322885522274,1.67461965266961,0,73,123,1
74,1.5,1,4,4.833809505595,4.78875366041058,0,73,123,1
74,3.35,1,4,5.14700830058851,4.87477009436285,0,73,123,1
74,12,1,4,2.83476908280897,2.78921394211369,0,73,123,1
74,24,1,4,1.19165678491931,1.46182573727614,0,73,123,1
74,0.25,2,4,1.55880235492972,1.23921791267939,0,73,114.93,0
74,1.5,2,4,4.96064598881826,4.40147328774808,0,73,114.93,0
74,3.35,2,4,5.51491573045353,5.79692386197096,0,73,114.93,0
74,12,2,4,3.84076910216333,4.33154983636614,0,73,114.93,0
74,24,2,4,2.24362529527541,1.75345422422136,0,73,114.93,0
75,0.25,1,4,4.26439475649001,4.86604749235029,1,54,106,0
75,1.5,1,4,12.4757454235346,11.2035893316967,1,54,106,0
75,3.35,1,4,12.28806510181,11.7088862648199,1,54,106,0
75,12,1,4,4.91168094653695,5.62824714839365,1,54,106,0
75,24,1,4,1.32960385061071,1.42643398236385,1,54,106,0
75,0.25,2,4,4.27349897338508,3.88067240209629,1,54,100.21,0
75,1.5,2,4,12.6704478977918,12.3652654030264,1,54,100.21,0
75,3.35,2,4,12.8065151623804,11.4010978909473,1,54,100.21,0
75,12,2,4,5.88639543595589,6.11666099400466,1,54,100.21,0
75,24,2,4,1.93784098126243,1.63148901352957,1,54,100.21,0
76,0.25,1,4,2.75195012380402,2.61541903787309,0,92,108,0
76,1.5,1,4,7.93499554400843,7.45251203558672,0,92,108,0
76,3.35,1,4,8.01513435463281,9.09386742352706,0,92,108,0
76,12,1,4,4.12061245500522,4.17342019385027,0,92,108,0
76,24,1,4,1.60034209901051,1.49744435731491,0,92,108,0
77,0.25,1,4,1.87485633803955,1.97358537361073,0,82,98,0
77,1.5,1,4,5.6192577684002,6.10837389554241,0,82,98,0
77,3.35,1,4,5.96762807470081,5.46012977275508,0,82,98,0
77,12,1,4,3.80499784218705,4.41177577241861,0,82,98,0
77,24,1,4,1.98918306749357,1.9685661604248,0,82,98,0
77,0.25,2,4,1.86920134384447,1.80925441543052,0,82,94.03,0
77,1.5,2,4,5.4960015655692,5.90115561568823,0,82,94.03,0
77,3.35,2,4,5.62389143321414,5.57116715585145,0,82,94.03,0
77,12,2,4,2.94261232364671,2.64475992315486,0,82,94.03,0
77,24,2,4,1.16706034570181,1.16313004515846,0,82,94.03,0
78,0.25,1,4,5.0502975010051,4.10636329402715,1,69,91,0
78,1.5,1,4,11.0149843077665,9.81187273207177,1,69,91,0
78,3.35,1,4,9.10894682041877,9.47435923391324,1,69,91,0
78,12,1,4,2.70465813468915,3.10589666819236,1,69,91,0
78,24,1,4,0.499935088525452,0.569952899293905,1,69,91,0
79,0.25,1,4,2.79703896629084,3.17021830579013,1,71,102,0
79,1.5,1,4,7.82895808644214,6.96616414688271,1,71,102,0
79,3.35,1,4,7.54071952059894,7.17618797379995,1,71,102,0
79,12,1,4,3.07455044820686,2.81737606692166,1,71,102,0
79,24,1,4,0.865048050897212,0.894962532454513,1,71,102,0
79,0.25,2,4,2.7922009316754,2.67961074631591,1,71,97.56,1
79,1.5,2,4,7.72990030344349,6.88747080525918,1,71,97.56,1
79,3.35,2,4,7.28812859900128,6.91009071744174,1,71,97.56,1
79,12,2,4,2.65333352918424,2.29822172629796,1,71,97.56,1
79,24,2,4,0.63729510180835,0.659376831446558,1,71,97.56,1
79,0.25,3,4,2.80264638104357,2.82562974559871,1,71,91.85,0
79,1.5,3,4,7.94534889411022,6.28505876702731,1,71,91.85,0
79,3.35,3,4,7.84451171804905,7.21482535455216,1,71,91.85,0
79,12,3,4,3.64611914640275,3.71885970895255,1,71,91.85,0
79,24,3,4,1.23177949489301,1.04726216000693,1,71,91.85,0
80,0.25,1,4,4.83145074649325,3.83999516256001,1,59,95,0
80,1.5,1,4,12.8421915480308,11.9154464428715,1,59,95,0
80,3.35,1,4,11.1285260219268,11.1150280415384,1,59,95,0
80,12,1,4,2.55001235032954,3.04098679663626,1,59,95,0
80,24,1,4,0.320317901569506,0.0513398238836305,1,59,95,0
80,0.25,2,4,4.85453876055894,4.78242772749407,1,59,88.94,0
80,1.5,2,4,13.2973902866154,12.466888490271,1,59,88.94,0
80,3.35,2,4,12.2141668095743,10.3134885737455,1,59,88.94,0
80,12,2,4,3.82413405371455,4.49152458342895,1,59,88.94,0
80,24,2,4,0.743315042228726,0.808955088702445,1,59,88.94,0
81,0.25,1,4,1.75757875752816,1.95501159668291,0,70,96,1
81,1.5,1,4,5.15525846634479,4.80571776954988,0,70,96,1
81,3.35,1,4,5.32470830617678,4.96677240662355,0,70,96,1
81,12,1,4,3.01414144841475,3.13900352870909,0,70,96,1
81,24,1,4,1.33708747266268,1.51145505611546,0,70,96,1
81,0.25,2,4,1.75999558957907,1.63950721551821,0,70,91,0
81,1.5,2,4,5.20771647932153,5.19947524796622,0,70,91,0
81,3.35,2,4,5.47095967756831,6.2566316333681,0,70,91,0
81,12,2,4,3.38820642093587,3.61971381382903,0,70,91,0
81,24,2,4,1.70402623446772,1.47913615667838,0,70,91,0
81,0.25,3,4,1.76052770950844,1.62869831974872,0,70,85.63,0
81,1.5,3,4,5.21933734685277,4.83684123790147,0,70,85.63,0
81,3.35,3,4,5.50369843903944,4.98562913129665,0,70,85.63,0
81,12,3,4,3.47654641105545,3.07712113813979,0,70,85.63,0
81,24,3,4,1.79739291887782,1.55524238793363,0,70,85.63,0
82,0.25,1,4,4.79524563886921,5.27481270070145,1,54,100,0
82,1.5,1,4,10.6186231140577,9.35260447643635,1,54,100,0
82,3.35,1,4,9.00605122090779,7.31665076385336,1,54,100,0
82,12,1,4,3.02009949789573,3.45174801370904,1,54,100,0
82,24,1,4,0.66094994722476,0.618375270955745,1,54,100,0
82,0.25,2,4,4.77049531202589,5.03617017200343,1,54,94.62,1
82,1.5,2,4,10.198329274112,10.3553820588787,1,54,94.62,1
82,3.35,2,4,8.08686156474028,9.94832827701344,1,54,94.62,1
82,12,2,4,1.94304901604692,1.9110192239884,1,54,94.62,1
82,24,2,4,0.267645031411339,0.407237429174084,1,54,94.62,1
83,0.25,1,4,5.53722365073491,5.48875341673737,1,58,91,0
83,1.5,1,4,14.3523247556991,13.3749144013463,1,58,91,0
83,3.35,1,4,12.6665208822465,14.3120846529504,1,58,91,0
83,12,1,4,3.66614039056394,4.07703100716353,1,58,91,0
83,24,1,4,0.644333927030397,0.479345198667849,1,58,91,0
83,0.25,2,4,5.53447183855539,4.72495657422235,1,58,85.77,1
83,1.5,2,4,14.2994718675782,10.2643509081645,1,58,85.77,1
83,3.35,2,4,12.5419603412459,11.4562494081118,1,58,85.77,1
83,12,2,4,3.51407837928499,3.46390030407449,1,58,85.77,1
83,24,2,4,0.590256398069812,0.594461489476532,1,58,85.77,1
83,0.25,3,4,5.55221605174904,5.19876280224843,1,58,81.43,0
83,1.5,3,4,14.6436893175142,16.1976907105145,1,58,81.43,0
83,3.35,3,4,13.3671969599406,13.4083139908842,1,58,81.43,0
83,12,3,4,4.61635942497234,4.8764245269986,1,58,81.43,0
83,24,3,4,1.0379091179947,0.76038889412545,1,58,81.43,0
84,0.25,1,4,2.04346345079485,1.87417510061605,1,70,115,1
84,1.5,1,4,4.80042911848418,4.77451378788574,1,70,115,1
84,3.35,1,4,4.09695774855529,4.59742180081347,1,70,115,1
84,12,1,4,1.26319128197704,1.16987057888949,1,70,115,1
84,24,1,4,0.245161988609997,0.211031856823815,1,70,115,1
84,0.25,2,4,2.03442929254724,2.09299276517982,1,70,111.58,1
84,1.5,2,4,4.64043246717916,5.40619756549605,1,70,111.58,1
84,3.35,2,4,3.74158125050589,3.44788405408958,1,70,111.58,1
84,12,2,4,0.865470140908318,0.987077779465228,1,70,111.58,1
84,24,2,4,0.112646703901754,0.0918875828022334,1,70,111.58,1
85,0.25,1,4,3.51922484529342,3.44620170406602,1,72,109,1
85,1.5,1,4,8.72798989478162,8.84845743841364,1,72,109,1
85,3.35,1,4,7.4002987024463,7.91180628749388,1,72,109,1
85,12,1,4,1.88129869249787,1.96632982925676,1,72,109,1
85,24,1,4,0.277192966891338,0.282753408992348,1,72,109,1
85,0.25,2,4,3.52300227989678,4.19359480545643,1,72,104.77,0
85,1.5,2,4,8.79835150092905,8.89479974366856,1,72,104.77,0
85,3.35,2,4,7.56126659862383,7.8807963383766,1,72,104.77,0
85,12,2,4,2.06155777117363,2.20060070454303,1,72,104.77,0
85,24,2,4,0.334856848139585,0.226717814039062,1,72,104.77,0
86,0.25,1,4,2.27019990064694,2.54192547870927,1,70,96,0
86,1.5,1,4,6.37422514481174,6.5297907218126,1,70,96,0
86,3.35,1,4,6.11934440137862,6.00130553765037,1,70,96,0
86,12,1,4,2.40510857156642,2.33659555076691,1,70,96,0
86,24,1,4,0.642010092313944,0.34604649688183,1,70,96,0
86,0.25,2,4,2.26461737713496,2.33558659816101,1,70,90.7,0
86,1.5,2,4,6.26016916167685,5.31388941641475,1,70,90.7,0
86,3.35,2,4,5.83088589699524,5.40815880064907,1,70,90.7,0
86,12,2,4,1.95064352236281,1.90747133818231,1,70,90.7,0
86,24,2,4,0.415696709563643,0.504543165288302,1,70,90.7,0
86,0.25,3,4,2.24653640889922,2.22302287254608,1,70,84.08,1
86,1.5,3,4,5.90455973287116,5.88247150506488,1,70,84.08,1
86,3.35,3,4,4.98748695452184,5.21502954698342,1,70,84.08,1
86,12,3,4,0.987071803193618,0.797477857483036,1,70,84.08,1
86,24,3,4,0.10092362887813,0.129973790544209,1,70,84.08,1
87,0.25,1,4,6.11730615451711,5.61431939883666,1,47,113,0
87,1.5,1,4,15.5149171208747,14.6899142949763,1,47,113,0
87,3.35,1,4,14.038376719299,12.2143266569174,1,47,113,0
87,12,1,4,5.16391564465169,5.78826880673794,1,47,113,0
87,24,1,4,1.27483366841524,1.30252742138564,1,47,113,0
88,0.25,1,4,4.64957208394195,4.69580244954077,1,81,119,0
88,1.5,1,4,10.4544049084051,10.8079806168421,1,81,119,0
88,3.35,1,4,8.44476543582753,9.49564789476902,1,81,119,0
88,12,1,4,2.04447312512993,1.99322576446496,1,81,119,0
88,24,1,4,0.283877270938666,0.5556962782517,1,81,119,0
88,0.25,2,4,4.66118610159139,4.61090256079328,1,81,113.3,0
88,1.5,2,4,10.6569178107581,11.5176534928315,1,81,113.3,0
88,3.35,2,4,8.88941779860803,8.48482678652955,1,81,113.3,0
88,12,2,4,2.52945450555935,2.17516362889499,1,81,113.3,0
88,24,2,4,0.439625242999531,0.290666400947796,1,81,113.3,0
89,0.25,1,4,3.23335665155245,3.52201963175899,1,89,127,0
89,1.5,1,4,9.17171555217353,9.12070039120688,1,89,127,0
89,3.35,1,4,8.52425828205563,9.93571285140577,1,89,127,0
89,12,1,4,2.49579783060909,2.61913889982254,1,89,127,0
89,24,1,4,0.436864104606163,0.367816884936127,1,89,127,0
90,0.25,1,4,2.27552200289097,2.41285302969848,0,64,104,0
90,1.5,1,4,6.03881777488647,6.20020554972974,0,64,104,0
90,3.35,1,4,5.77188303657662,5.64071366180316,0,64,104,0
90,12,1,4,2.67723076791504,2.38092003087794,0,64,104,0
90,24,1,4,0.910584359340346,0.925958056476541,0,64,104,0
90,0.25,2,4,2.26845113019621,2.47064934027176,0,64,97.25,0
90,1.5,2,4,5.89923988680751,5.70649662301514,0,64,97.25,0
90,3.35,2,4,5.42124104307682,4.96045120861483,0,64,97.25,0
90,12,2,4,2.05293490726999,2.14992640369907,0,64,97.25,0
90,24,2,4,0.526436285388235,0.688106043976567,0,64,97.25,0
90,0.25,3,4,2.27540498828207,2.06103084667052,0,64,91.04,1
90,1.5,3,4,6.03648174596865,7.00491695738511,0,64,91.04,1
90,3.35,3,4,5.76590096812618,5.66805602847254,0,64,91.04,1
90,12,3,4,2.6655100679329,2.88548919141384,0,64,91.04,1
90,24,3,4,0.902378599580252,1.03157913185887,0,64,91.04,1
91,0.25,1,4,3.85447965327896,2.98228887124116,1,60,115,1
91,1.5,1,4,10.27495623454,11.1899955417162,1,60,115,1
91,3.35,1,4,8.86867226861933,9.25580153185514,1,60,115,1
91,12,1,4,1.94588887265881,2.08179148676524,1,60,115,1
91,24,1,4,0.229609988303459,0.32571953011927,1,60,115,1
92,0.25,1,4,3.2697077795018,3.50143252227056,1,54,125,1
92,1.5,1,4,8.05014812679272,7.80571867061698,1,54,125,1
92,3.35,1,4,6.49101444850268,7.07399647945522,1,54,125,1
92,12,1,4,1.18930089082455,1.2077193854113,1,54,125,1
92,24,1,4,0.110573098322548,0.14248235852752,1,54,125,1
92,0.25,2,4,3.2682387082018,3.15239151675045,1,54,118.1,0
92,1.5,2,4,8.02346200743104,8.09583972448906,1,54,118.1,0
92,3.35,2,4,6.43356327349925,7.35164695397823,1,54,118.1,0
92,12,2,4,1.14464012259158,1.03109328617377,1,54,118.1,0
92,24,2,4,0.10214471870658,0.102641118838267,1,54,118.1,0
93,0.25,1,4,1.9927265996826,2.37248784092458,0,80,102,0
93,1.5,1,4,5.21293048387688,5.2490956855689,0,80,102,0
93,3.35,1,4,5.09054937733574,5.50884922480735,0,80,102,0
93,12,1,4,2.82845078047111,3.28267101017797,0,80,102,0
93,24,1,4,1.24064361217294,1.35168533640089,0,80,102,0
93,0.25,2,4,1.99220336229003,2.40482414777473,0,80,96.51,1
93,1.5,2,4,5.20251856331444,5.65818320331231,0,80,96.51,1
93,3.35,2,4,5.06336333502675,5.43370365131601,0,80,96.51,1
93,12,2,4,2.76576376702692,3.38776119628038,0,80,96.51,1
93,24,2,4,1.18470686505474,0.929913913532908,0,80,96.51,1
94,0.25,1,4,3.17639388179263,2.84634892538846,0,61,109,0
94,1.5,1,4,8.1614435266297,8.76612694051471,0,61,109,0
94,3.35,1,4,7.58863896587867,7.2545099709521,0,61,109,0
94,12,1,4,3.2194593624473,2.87957774699814,0,61,109,0
94,24,1,4,0.96947367810008,0.854719607256531,0,61,109,0
94,0.25,2,4,3.16877040320718,3.38408139763795,0,61,102.8,1
94,1.5,2,4,8.01452361399109,7.62160867591929,0,61,102.8,1
94,3.35,2,4,7.22808140682899,7.80600366617282,0,61,102.8,1
94,12,2,4,2.62257344376707,2.44946390829826,0,61,102.8,1
94,24,2,4,0.635289675126298,0.780493986229704,0,61,102.8,1
94,0.25,3,4,3.16961021857189,3.23006415791422,0,61,97.53,0
94,1.5,3,4,8.03058079914303,7.31644562990155,0,61,97.53,0
94,3.35,3,4,7.26695449569513,7.49469783830459,0,61,97.53,0
94,12,3,4,2.68255329864523,2.20736865160315,0,61,97.53,0
94,24,3,4,0.665607466185864,0.518351379957132,0,61,97.53,0
95,0.25,1,4,2.93874229707986,3.02740246033498,0,75,95,0
95,1.5,1,4,6.52520061618186,6.59589261602719,0,75,95,0
95,3.35,1,4,5.95418885243672,6.05977963014018,0,75,95,0
95,12,1,4,3.02878395568597,2.83192694630386,0,75,95,0
95,24,1,4,1.18348501145344,1.01927864790652,0,75,95,0
95,0.25,2,4,2.93551671205632,2.67550256092951,0,75,89.22,0
95,1.5,2,4,6.46857536399278,7.01716884662665,0,75,89.22,0
95,3.35,2,4,5.81821686592083,5.61247591015599,0,75,89.22,0
95,12,2,4,2.75880098961783,2.80850868225867,0,75,89.22,0
95,24,2,4,0.977817390532339,1.37140049769098,0,75,89.22,0
95,0.25,3,4,2.93921321898279,2.87465313029059,0,75,84.48,0
95,1.5,3,4,6.53350694592535,6.37827124458138,0,75,84.48,0
95,3.35,3,4,5.9742961421935,5.10077392378989,0,75,84.48,0
95,12,3,4,3.07032238630888,2.73588573391554,0,75,84.48,0
95,24,3,4,1.21690707542219,1.10203243936161,0,75,84.48,0
96,0.25,1,4,2.11278154864901,2.16553800104214,1,72,115,1
96,1.5,1,4,7.45550580646385,7.73539210824478,1,72,115,1
96,3.35,1,4,8.5777746174651,7.94940797881898,1,72,115,1
96,12,1,4,4.23941670135976,4.46160491316834,1,72,115,1
96,24,1,4,1.41709739861194,1.55533428959256,1,72,115,1
96,0.25,2,4,2.11265600266036,1.96331986024135,1,72,110.33,1
96,1.5,2,4,7.45245676343837,8.50950816560708,1,72,110.33,1
96,3.35,2,4,8.56864365715376,8.05235289421661,1,72,110.33,1
96,12,2,4,4.2186265238329,3.93971431607088,1,72,110.33,1
96,24,2,4,1.40236867986858,1.38497262751695,1,72,110.33,1
96,0.25,3,4,2.12081261714077,2.30458502228993,1,72,105.49,0
96,1.5,3,4,7.6532511587083,7.07413126810532,1,72,105.49,0
96,3.35,3,4,9.18378599051692,8.95694353563301,1,72,105.49,0
96,12,3,4,5.80586680959524,6.07471673963429,1,72,105.49,0
96,24,3,4,2.76222725216259,2.46551531310131,1,72,105.49,0
97,0.25,1,4,4.18013618113109,3.85198693261175,1,55,107,0
97,1.5,1,4,13.434313569368,12.539915485652,1,55,107,0
97,3.35,1,4,14.5393769889562,14.7120962206325,1,55,107,0
97,12,1,4,7.72586256122635,7.96633547168642,1,55,107,0
97,24,1,4,3.04878916300295,2.89559385210637,1,55,107,0
97,0.25,2,4,4.16455572584285,4.17949001254202,1,55,101,0
97,1.5,2,4,13.0820149824012,12.6938847335953,1,55,101,0
97,3.35,2,4,13.5504751409587,13.7043302142733,1,55,101,0
97,12,2,4,5.6386513322457,5.32819034798677,1,55,101,0
97,24,2,4,1.57651062132093,1.74938866850411,1,55,101,0
97,0.25,3,4,4.13689164701154,4.53681605408486,1,55,96.29,1
97,1.5,3,4,12.4794405867081,11.416962209885,1,55,96.29,1
97,3.35,3,4,11.9620548341263,11.0233428834053,1,55,96.29,1
97,12,3,4,3.21861457852517,3.50751565181554,1,55,96.29,1
97,24,3,4,0.48601646582689,0.560500192292195,1,55,96.29,1
98,0.25,1,4,4.09637953480014,4.34821546194402,1,47,90,1
98,1.5,1,4,13.4593266967177,16.4620101407372,1,47,90,1
98,3.35,1,4,14.0564798345228,13.1818582759833,1,47,90,1
98,12,1,4,4.6384308992994,4.92597234317906,1,47,90,1
98,24,1,4,0.895355513857546,0.890799900610225,1,47,90,1
98,0.25,2,4,4.12631373171568,4.23448075705853,1,47,85.01,0
98,1.5,2,4,14.1574736751149,11.9427141280176,1,47,85.01,0
98,3.35,2,4,16.0466390399345,16.8999349746285,1,47,85.01,0
98,12,2,4,8.50488806739138,8.26585353732671,1,47,85.01,0
98,24,2,4,3.22844681216052,3.17699668560897,1,47,85.01,0
99,0.25,1,4,4.31063021546469,3.81007272086146,1,51,126,0
99,1.5,1,4,9.47783632882554,10.7974239374544,1,51,126,0
99,3.35,1,4,7.30192644318567,7.25203832159076,1,51,126,0
99,12,1,4,1.38522294046026,1.3199002001942,1,51,126,0
99,24,1,4,0.137016211996751,-0.0142211802357582,1,51,126,0
99,0.25,2,4,4.33379203308977,4.44575906264444,1,51,118.99,0
99,1.5,2,4,9.87555515502744,8.71725445344495,1,51,118.99,0
99,3.35,2,4,8.15089761081734,8.97276511369443,1,51,118.99,0
99,12,2,4,2.18834198015476,2.16042881207832,1,51,118.99,0
99,24,2,4,0.350766290076284,0.233917045567636,1,51,118.99,0
99,0.25,3,4,4.26692130237802,5.06342672405695,1,51,111.07,1
99,1.5,3,4,8.76928368692837,9.56779464243745,1,51,111.07,1
99,3.35,3,4,5.93024853984208,5.22056703469105,1,51,111.07,1
99,12,3,4,0.580467461565195,0.758247447174357,1,51,111.07,1
99,24,3,4,0.0228772225883275,-0.0835002800116447,1,51,111.07,1
100,0.25,1,4,1.93016352378587,1.88292145111013,0,57,110,0
100,1.5,1,4,5.05516319090308,5.66913301915673,0,57,110,0
100,3.35,1,4,4.86293150331629,5.34095320692841,0,57,110,0
100,12,1,4,2.44435681986097,2.34547825477673,0,57,110,0
100,24,1,4,0.931764916502475,0.917874799383015,0,57,110,0
